"","Prov.Name","Province","District","Secteur","Cellule","Village","HH","Dist.Water","Vaccinated","HH.Size","HH.Size.Adult","Prim.School.M","Prim.School.F","Birth.Weight","Strat.Size","Weight.1st","HH.ID","Weight.2st","Weight","ones"
"1278","North","Amajyaruguru","Gicumbi","Byumba","Nyamabuye","Nyiragasuruba",429,1.75517221960581,1,1,1,0.154284852907927,0.187782142500705,3.02790847923141,2741,81.6237762237762,1,42.9,3501.66,1
"1278.1","North","Amajyaruguru","Gicumbi","Byumba","Nyamabuye","Nyiragasuruba",429,2.5539600560184,1,7,1,0.154284852907927,0.187782142500705,3.02790847923141,2741,81.6237762237762,2,42.9,3501.66,1
"1278.2","North","Amajyaruguru","Gicumbi","Byumba","Nyamabuye","Nyiragasuruba",429,2.38626471841827,1,4,1,0.154284852907927,0.187782142500705,3.02790847923141,2741,81.6237762237762,3,42.9,3501.66,1
"1278.3","North","Amajyaruguru","Gicumbi","Byumba","Nyamabuye","Nyiragasuruba",429,1.81343847872728,1,3,1,0.154284852907927,0.187782142500705,3.02790847923141,2741,81.6237762237762,4,42.9,3501.66,1
"1278.4","North","Amajyaruguru","Gicumbi","Byumba","Nyamabuye","Nyiragasuruba",429,2.5846032665283,1,4,1,0.154284852907927,0.187782142500705,3.02790847923141,2741,81.6237762237762,5,42.9,3501.66,1
"1278.5","North","Amajyaruguru","Gicumbi","Byumba","Nyamabuye","Nyiragasuruba",429,2.45324775064536,1,2,1,0.154284852907927,0.187782142500705,3.02790847923141,2741,81.6237762237762,6,42.9,3501.66,1
"1278.6","North","Amajyaruguru","Gicumbi","Byumba","Nyamabuye","Nyiragasuruba",429,2.53200590699845,1,4,3,0.154284852907927,0.187782142500705,3.02790847923141,2741,81.6237762237762,7,42.9,3501.66,1
"1278.7","North","Amajyaruguru","Gicumbi","Byumba","Nyamabuye","Nyiragasuruba",429,3.16403250963472,1,8,3,0.154284852907927,0.187782142500705,3.02790847923141,2741,81.6237762237762,8,42.9,3501.66,1
"1278.8","North","Amajyaruguru","Gicumbi","Byumba","Nyamabuye","Nyiragasuruba",429,2.33914983739558,1,6,1,0.154284852907927,0.187782142500705,3.02790847923141,2741,81.6237762237762,9,42.9,3501.66,1
"1278.9","North","Amajyaruguru","Gicumbi","Byumba","Nyamabuye","Nyiragasuruba",429,1.36728470834263,1,6,3,0.154284852907927,0.187782142500705,3.02790847923141,2741,81.6237762237762,10,42.9,3501.66,1
"714","North","Amajyaruguru","Gakenke","Gashenyi ","Nyacyina ","Bwiyando ",128,2.06094838589269,1,6,4,0.117695910800817,0.047777362112673,2.53888984163229,2741,273.5671875,11,12.8,3501.66,1
"714.1","North","Amajyaruguru","Gakenke","Gashenyi ","Nyacyina ","Bwiyando ",128,1.77090443231267,1,2,1,0.117695910800817,0.047777362112673,2.53888984163229,2741,273.5671875,12,12.8,3501.66,1
"714.2","North","Amajyaruguru","Gakenke","Gashenyi ","Nyacyina ","Bwiyando ",128,1.77963221085555,1,1,1,0.117695910800817,0.047777362112673,2.53888984163229,2741,273.5671875,13,12.8,3501.66,1
"714.3","North","Amajyaruguru","Gakenke","Gashenyi ","Nyacyina ","Bwiyando ",128,2.0715055639437,1,7,7,0.117695910800817,0.047777362112673,2.53888984163229,2741,273.5671875,14,12.8,3501.66,1
"714.4","North","Amajyaruguru","Gakenke","Gashenyi ","Nyacyina ","Bwiyando ",128,2.03009665110263,1,4,3,0.117695910800817,0.047777362112673,2.53888984163229,2741,273.5671875,15,12.8,3501.66,1
"714.5","North","Amajyaruguru","Gakenke","Gashenyi ","Nyacyina ","Bwiyando ",128,2.44860617337044,1,5,3,0.117695910800817,0.047777362112673,2.53888984163229,2741,273.5671875,16,12.8,3501.66,1
"714.6","North","Amajyaruguru","Gakenke","Gashenyi ","Nyacyina ","Bwiyando ",128,1.49793722772072,1,3,3,0.117695910800817,0.047777362112673,2.53888984163229,2741,273.5671875,17,12.8,3501.66,1
"714.7","North","Amajyaruguru","Gakenke","Gashenyi ","Nyacyina ","Bwiyando ",128,2.34735419397463,1,7,2,0.117695910800817,0.047777362112673,2.53888984163229,2741,273.5671875,18,12.8,3501.66,1
"714.8","North","Amajyaruguru","Gakenke","Gashenyi ","Nyacyina ","Bwiyando ",128,2.07671193239498,1,6,4,0.117695910800817,0.047777362112673,2.53888984163229,2741,273.5671875,19,12.8,3501.66,1
"714.9","North","Amajyaruguru","Gakenke","Gashenyi ","Nyacyina ","Bwiyando ",128,2.42709351436243,1,8,6,0.117695910800817,0.047777362112673,2.53888984163229,2741,273.5671875,20,12.8,3501.66,1
"419","North","Amajyaruguru","Burera","Rugarama","Cyahi","Tatiro",236,2.70439436936875,1,6,1,0.150690310622916,0.219603659164968,2.58328407758635,2741,148.375423728814,21,23.6,3501.66,1
"419.1","North","Amajyaruguru","Burera","Rugarama","Cyahi","Tatiro",236,1.92757748413579,1,7,2,0.150690310622916,0.219603659164968,2.58328407758635,2741,148.375423728814,22,23.6,3501.66,1
"419.2","North","Amajyaruguru","Burera","Rugarama","Cyahi","Tatiro",236,2.67550078311015,1,5,1,0.150690310622916,0.219603659164968,2.58328407758635,2741,148.375423728814,23,23.6,3501.66,1
"419.3","North","Amajyaruguru","Burera","Rugarama","Cyahi","Tatiro",236,2.7501959196612,0,4,1,0.150690310622916,0.219603659164968,2.58328407758635,2741,148.375423728814,24,23.6,3501.66,1
"419.4","North","Amajyaruguru","Burera","Rugarama","Cyahi","Tatiro",236,3.18574740472698,1,4,1,0.150690310622916,0.219603659164968,2.58328407758635,2741,148.375423728814,25,23.6,3501.66,1
"419.5","North","Amajyaruguru","Burera","Rugarama","Cyahi","Tatiro",236,2.73801944207721,1,1,1,0.150690310622916,0.219603659164968,2.58328407758635,2741,148.375423728814,26,23.6,3501.66,1
"419.6","North","Amajyaruguru","Burera","Rugarama","Cyahi","Tatiro",236,3.23915780965333,1,6,3,0.150690310622916,0.219603659164968,2.58328407758635,2741,148.375423728814,27,23.6,3501.66,1
"419.7","North","Amajyaruguru","Burera","Rugarama","Cyahi","Tatiro",236,2.8192399163781,1,3,2,0.150690310622916,0.219603659164968,2.58328407758635,2741,148.375423728814,28,23.6,3501.66,1
"419.8","North","Amajyaruguru","Burera","Rugarama","Cyahi","Tatiro",236,2.51728263802418,1,3,2,0.150690310622916,0.219603659164968,2.58328407758635,2741,148.375423728814,29,23.6,3501.66,1
"419.9","North","Amajyaruguru","Burera","Rugarama","Cyahi","Tatiro",236,2.192184512776,1,5,4,0.150690310622916,0.219603659164968,2.58328407758635,2741,148.375423728814,30,23.6,3501.66,1
"156","North","Amajyaruguru","Burera","Cyeru","Ndongozi","Ntazi",167,1.89096181424586,1,8,3,0.118174121085473,0.145235456213562,3.1910536866118,2741,209.680239520958,31,16.7,3501.66,1
"156.1","North","Amajyaruguru","Burera","Cyeru","Ndongozi","Ntazi",167,2.37173483099423,1,5,3,0.118174121085473,0.145235456213562,3.1910536866118,2741,209.680239520958,32,16.7,3501.66,1
"156.2","North","Amajyaruguru","Burera","Cyeru","Ndongozi","Ntazi",167,1.75335348277289,1,2,1,0.118174121085473,0.145235456213562,3.1910536866118,2741,209.680239520958,33,16.7,3501.66,1
"156.3","North","Amajyaruguru","Burera","Cyeru","Ndongozi","Ntazi",167,1.84332943979683,1,5,2,0.118174121085473,0.145235456213562,3.1910536866118,2741,209.680239520958,34,16.7,3501.66,1
"156.4","North","Amajyaruguru","Burera","Cyeru","Ndongozi","Ntazi",167,2.77836125792956,1,3,1,0.118174121085473,0.145235456213562,3.1910536866118,2741,209.680239520958,35,16.7,3501.66,1
"156.5","North","Amajyaruguru","Burera","Cyeru","Ndongozi","Ntazi",167,2.79129204314538,1,5,3,0.118174121085473,0.145235456213562,3.1910536866118,2741,209.680239520958,36,16.7,3501.66,1
"156.6","North","Amajyaruguru","Burera","Cyeru","Ndongozi","Ntazi",167,2.26159422643209,1,5,3,0.118174121085473,0.145235456213562,3.1910536866118,2741,209.680239520958,37,16.7,3501.66,1
"156.7","North","Amajyaruguru","Burera","Cyeru","Ndongozi","Ntazi",167,2.44664881924042,1,3,1,0.118174121085473,0.145235456213562,3.1910536866118,2741,209.680239520958,38,16.7,3501.66,1
"156.8","North","Amajyaruguru","Burera","Cyeru","Ndongozi","Ntazi",167,1.92044827864306,1,8,7,0.118174121085473,0.145235456213562,3.1910536866118,2741,209.680239520958,39,16.7,3501.66,1
"156.9","North","Amajyaruguru","Burera","Cyeru","Ndongozi","Ntazi",167,1.84532799371399,1,4,3,0.118174121085473,0.145235456213562,3.1910536866118,2741,209.680239520958,40,16.7,3501.66,1
"2717","North","Amajyaruguru","Rulindo","TUMBA","GAHABWA","KABUGA",142,1.72083576583315,0,7,2,0.0809581626204826,0.137860852472625,3.32527791030645,2741,246.595774647887,41,14.2,3501.66,1
"2717.1","North","Amajyaruguru","Rulindo","TUMBA","GAHABWA","KABUGA",142,1.18868218172408,1,8,7,0.0809581626204826,0.137860852472625,3.32527791030645,2741,246.595774647887,42,14.2,3501.66,1
"2717.2","North","Amajyaruguru","Rulindo","TUMBA","GAHABWA","KABUGA",142,1.23142602380961,1,3,1,0.0809581626204826,0.137860852472625,3.32527791030645,2741,246.595774647887,43,14.2,3501.66,1
"2717.3","North","Amajyaruguru","Rulindo","TUMBA","GAHABWA","KABUGA",142,1.55595648565665,1,6,4,0.0809581626204826,0.137860852472625,3.32527791030645,2741,246.595774647887,44,14.2,3501.66,1
"2717.4","North","Amajyaruguru","Rulindo","TUMBA","GAHABWA","KABUGA",142,2.68921469708367,1,2,1,0.0809581626204826,0.137860852472625,3.32527791030645,2741,246.595774647887,45,14.2,3501.66,1
"2717.5","North","Amajyaruguru","Rulindo","TUMBA","GAHABWA","KABUGA",142,1.3076632433214,1,4,1,0.0809581626204826,0.137860852472625,3.32527791030645,2741,246.595774647887,46,14.2,3501.66,1
"2717.6","North","Amajyaruguru","Rulindo","TUMBA","GAHABWA","KABUGA",142,1.02596250442886,1,1,1,0.0809581626204826,0.137860852472625,3.32527791030645,2741,246.595774647887,47,14.2,3501.66,1
"2717.7","North","Amajyaruguru","Rulindo","TUMBA","GAHABWA","KABUGA",142,1.18871096776109,1,4,1,0.0809581626204826,0.137860852472625,3.32527791030645,2741,246.595774647887,48,14.2,3501.66,1
"2717.8","North","Amajyaruguru","Rulindo","TUMBA","GAHABWA","KABUGA",142,2.37161905738691,0,6,5,0.0809581626204826,0.137860852472625,3.32527791030645,2741,246.595774647887,49,14.2,3501.66,1
"2717.9","North","Amajyaruguru","Rulindo","TUMBA","GAHABWA","KABUGA",142,1.65592434253122,1,5,2,0.0809581626204826,0.137860852472625,3.32527791030645,2741,246.595774647887,50,14.2,3501.66,1
"1304","North","Amajyaruguru","Gicumbi","Cyumba","Nyakabungo","Ryaruhumba",78,1.20836609400965,1,4,2,0.138683210417327,0.116801571780128,2.99201067271175,2741,448.930769230769,51,7.8,3501.66,1
"1304.1","North","Amajyaruguru","Gicumbi","Cyumba","Nyakabungo","Ryaruhumba",78,1.7282704956972,1,2,1,0.138683210417327,0.116801571780128,2.99201067271175,2741,448.930769230769,52,7.8,3501.66,1
"1304.2","North","Amajyaruguru","Gicumbi","Cyumba","Nyakabungo","Ryaruhumba",78,1.43398283004155,1,4,3,0.138683210417327,0.116801571780128,2.99201067271175,2741,448.930769230769,53,7.8,3501.66,1
"1304.3","North","Amajyaruguru","Gicumbi","Cyumba","Nyakabungo","Ryaruhumba",78,1.46836056957047,1,4,1,0.138683210417327,0.116801571780128,2.99201067271175,2741,448.930769230769,54,7.8,3501.66,1
"1304.4","North","Amajyaruguru","Gicumbi","Cyumba","Nyakabungo","Ryaruhumba",78,0.782360480748595,1,4,1,0.138683210417327,0.116801571780128,2.99201067271175,2741,448.930769230769,55,7.8,3501.66,1
"1304.5","North","Amajyaruguru","Gicumbi","Cyumba","Nyakabungo","Ryaruhumba",78,0.593294388530378,1,2,1,0.138683210417327,0.116801571780128,2.99201067271175,2741,448.930769230769,56,7.8,3501.66,1
"1304.6","North","Amajyaruguru","Gicumbi","Cyumba","Nyakabungo","Ryaruhumba",78,1.17107170148002,1,4,4,0.138683210417327,0.116801571780128,2.99201067271175,2741,448.930769230769,57,7.8,3501.66,1
"1304.7","North","Amajyaruguru","Gicumbi","Cyumba","Nyakabungo","Ryaruhumba",78,0.746586173987373,1,4,2,0.138683210417327,0.116801571780128,2.99201067271175,2741,448.930769230769,58,7.8,3501.66,1
"1304.8","North","Amajyaruguru","Gicumbi","Cyumba","Nyakabungo","Ryaruhumba",78,0.977159860275443,1,2,1,0.138683210417327,0.116801571780128,2.99201067271175,2741,448.930769230769,59,7.8,3501.66,1
"1304.9","North","Amajyaruguru","Gicumbi","Cyumba","Nyakabungo","Ryaruhumba",78,0.768902534350416,1,1,1,0.138683210417327,0.116801571780128,2.99201067271175,2741,448.930769230769,60,7.8,3501.66,1
"2135","North","Amajyaruguru","Musanze","Nyange","Kamwumba","Kamicaca",174,0.993989950584812,1,1,1,0.0964551222598314,0.160228466022056,2.81650578808941,2741,201.244827586207,61,17.4,3501.66,1
"2135.1","North","Amajyaruguru","Musanze","Nyange","Kamwumba","Kamicaca",174,1.13983612751644,1,2,1,0.0964551222598314,0.160228466022056,2.81650578808941,2741,201.244827586207,62,17.4,3501.66,1
"2135.2","North","Amajyaruguru","Musanze","Nyange","Kamwumba","Kamicaca",174,1.28192221271585,1,3,1,0.0964551222598314,0.160228466022056,2.81650578808941,2741,201.244827586207,63,17.4,3501.66,1
"2135.3","North","Amajyaruguru","Musanze","Nyange","Kamwumba","Kamicaca",174,1.43693074273738,1,1,1,0.0964551222598314,0.160228466022056,2.81650578808941,2741,201.244827586207,64,17.4,3501.66,1
"2135.4","North","Amajyaruguru","Musanze","Nyange","Kamwumba","Kamicaca",174,1.35580277951096,1,2,1,0.0964551222598314,0.160228466022056,2.81650578808941,2741,201.244827586207,65,17.4,3501.66,1
"2135.5","North","Amajyaruguru","Musanze","Nyange","Kamwumba","Kamicaca",174,0.447927183800498,1,2,1,0.0964551222598314,0.160228466022056,2.81650578808941,2741,201.244827586207,66,17.4,3501.66,1
"2135.6","North","Amajyaruguru","Musanze","Nyange","Kamwumba","Kamicaca",174,1.10213959226841,1,4,1,0.0964551222598314,0.160228466022056,2.81650578808941,2741,201.244827586207,67,17.4,3501.66,1
"2135.7","North","Amajyaruguru","Musanze","Nyange","Kamwumba","Kamicaca",174,0.46761600769559,1,1,1,0.0964551222598314,0.160228466022056,2.81650578808941,2741,201.244827586207,68,17.4,3501.66,1
"2135.8","North","Amajyaruguru","Musanze","Nyange","Kamwumba","Kamicaca",174,1.06065374931597,1,1,1,0.0964551222598314,0.160228466022056,2.81650578808941,2741,201.244827586207,69,17.4,3501.66,1
"2135.9","North","Amajyaruguru","Musanze","Nyange","Kamwumba","Kamicaca",174,1.2896820000086,1,4,1,0.0964551222598314,0.160228466022056,2.81650578808941,2741,201.244827586207,70,17.4,3501.66,1
"75","North","Amajyaruguru","Burera","Butaro","Nyamicucu","Nkururo",73,1.92786920447133,1,7,5,0.152112461939355,0.050558332249223,3.08188241369837,2741,479.679452054795,71,7.3,3501.66,1
"75.1","North","Amajyaruguru","Burera","Butaro","Nyamicucu","Nkururo",73,2.2703012143472,1,8,7,0.152112461939355,0.050558332249223,3.08188241369837,2741,479.679452054795,72,7.3,3501.66,1
"75.2","North","Amajyaruguru","Burera","Butaro","Nyamicucu","Nkururo",73,3.16054290251795,1,3,1,0.152112461939355,0.050558332249223,3.08188241369837,2741,479.679452054795,73,7.3,3501.66,1
"75.3","North","Amajyaruguru","Burera","Butaro","Nyamicucu","Nkururo",73,1.08946259626907,1,7,2,0.152112461939355,0.050558332249223,3.08188241369837,2741,479.679452054795,74,7.3,3501.66,1
"75.4","North","Amajyaruguru","Burera","Butaro","Nyamicucu","Nkururo",73,2.19308445362791,1,4,1,0.152112461939355,0.050558332249223,3.08188241369837,2741,479.679452054795,75,7.3,3501.66,1
"75.5","North","Amajyaruguru","Burera","Butaro","Nyamicucu","Nkururo",73,1.7739706048068,1,4,1,0.152112461939355,0.050558332249223,3.08188241369837,2741,479.679452054795,76,7.3,3501.66,1
"75.6","North","Amajyaruguru","Burera","Butaro","Nyamicucu","Nkururo",73,2.31983187991711,1,2,1,0.152112461939355,0.050558332249223,3.08188241369837,2741,479.679452054795,77,7.3,3501.66,1
"75.7","North","Amajyaruguru","Burera","Butaro","Nyamicucu","Nkururo",73,2.1068973687648,1,8,5,0.152112461939355,0.050558332249223,3.08188241369837,2741,479.679452054795,78,7.3,3501.66,1
"75.8","North","Amajyaruguru","Burera","Butaro","Nyamicucu","Nkururo",73,2.64735126339503,1,5,3,0.152112461939355,0.050558332249223,3.08188241369837,2741,479.679452054795,79,7.3,3501.66,1
"75.9","North","Amajyaruguru","Burera","Butaro","Nyamicucu","Nkururo",73,2.50660486601585,1,5,1,0.152112461939355,0.050558332249223,3.08188241369837,2741,479.679452054795,80,7.3,3501.66,1
"631","North","Amajyaruguru","Gakenke","Coko ","Nyanza ","Gitaba ",123,2.50701968571554,0,8,6,0.0125713759345048,0.0766720132924281,3.33726130248071,2741,284.687804878049,81,12.3,3501.66,1
"631.1","North","Amajyaruguru","Gakenke","Coko ","Nyanza ","Gitaba ",123,1.9885568170818,1,6,1,0.0125713759345048,0.0766720132924281,3.33726130248071,2741,284.687804878049,82,12.3,3501.66,1
"631.2","North","Amajyaruguru","Gakenke","Coko ","Nyanza ","Gitaba ",123,2.29575487341345,1,7,1,0.0125713759345048,0.0766720132924281,3.33726130248071,2741,284.687804878049,83,12.3,3501.66,1
"631.3","North","Amajyaruguru","Gakenke","Coko ","Nyanza ","Gitaba ",123,2.19513511354484,1,5,4,0.0125713759345048,0.0766720132924281,3.33726130248071,2741,284.687804878049,84,12.3,3501.66,1
"631.4","North","Amajyaruguru","Gakenke","Coko ","Nyanza ","Gitaba ",123,3.17990986619926,0,3,1,0.0125713759345048,0.0766720132924281,3.33726130248071,2741,284.687804878049,85,12.3,3501.66,1
"631.5","North","Amajyaruguru","Gakenke","Coko ","Nyanza ","Gitaba ",123,2.12064836624708,0,2,1,0.0125713759345048,0.0766720132924281,3.33726130248071,2741,284.687804878049,86,12.3,3501.66,1
"631.6","North","Amajyaruguru","Gakenke","Coko ","Nyanza ","Gitaba ",123,2.25680594624418,1,2,1,0.0125713759345048,0.0766720132924281,3.33726130248071,2741,284.687804878049,87,12.3,3501.66,1
"631.7","North","Amajyaruguru","Gakenke","Coko ","Nyanza ","Gitaba ",123,2.78252026003708,1,5,1,0.0125713759345048,0.0766720132924281,3.33726130248071,2741,284.687804878049,88,12.3,3501.66,1
"631.8","North","Amajyaruguru","Gakenke","Coko ","Nyanza ","Gitaba ",123,1.53626283017324,1,3,1,0.0125713759345048,0.0766720132924281,3.33726130248071,2741,284.687804878049,89,12.3,3501.66,1
"631.9","North","Amajyaruguru","Gakenke","Coko ","Nyanza ","Gitaba ",123,2.49656342014736,1,3,1,0.0125713759345048,0.0766720132924281,3.33726130248071,2741,284.687804878049,90,12.3,3501.66,1
"1946","North","Amajyaruguru","Musanze","Kimonyi","Buramira","Kamugeni",199,1.75030004857663,1,3,1,0.153881992266535,0.115199943953884,3.04055247905921,2741,175.962814070352,91,19.9,3501.66,1
"1946.1","North","Amajyaruguru","Musanze","Kimonyi","Buramira","Kamugeni",199,2.12416018911992,0,3,1,0.153881992266535,0.115199943953884,3.04055247905921,2741,175.962814070352,92,19.9,3501.66,1
"1946.2","North","Amajyaruguru","Musanze","Kimonyi","Buramira","Kamugeni",199,1.88565669375048,1,6,2,0.153881992266535,0.115199943953884,3.04055247905921,2741,175.962814070352,93,19.9,3501.66,1
"1946.3","North","Amajyaruguru","Musanze","Kimonyi","Buramira","Kamugeni",199,1.88943819959653,1,1,1,0.153881992266535,0.115199943953884,3.04055247905921,2741,175.962814070352,94,19.9,3501.66,1
"1946.4","North","Amajyaruguru","Musanze","Kimonyi","Buramira","Kamugeni",199,2.00034302373942,1,3,2,0.153881992266535,0.115199943953884,3.04055247905921,2741,175.962814070352,95,19.9,3501.66,1
"1946.5","North","Amajyaruguru","Musanze","Kimonyi","Buramira","Kamugeni",199,0.87571565791638,1,6,6,0.153881992266535,0.115199943953884,3.04055247905921,2741,175.962814070352,96,19.9,3501.66,1
"1946.6","North","Amajyaruguru","Musanze","Kimonyi","Buramira","Kamugeni",199,2.33684225832343,1,4,1,0.153881992266535,0.115199943953884,3.04055247905921,2741,175.962814070352,97,19.9,3501.66,1
"1946.7","North","Amajyaruguru","Musanze","Kimonyi","Buramira","Kamugeni",199,1.33879817179738,0,4,1,0.153881992266535,0.115199943953884,3.04055247905921,2741,175.962814070352,98,19.9,3501.66,1
"1946.8","North","Amajyaruguru","Musanze","Kimonyi","Buramira","Kamugeni",199,2.0108263435737,1,6,6,0.153881992266535,0.115199943953884,3.04055247905921,2741,175.962814070352,99,19.9,3501.66,1
"1946.9","North","Amajyaruguru","Musanze","Kimonyi","Buramira","Kamugeni",199,1.17599143901027,1,7,3,0.153881992266535,0.115199943953884,3.04055247905921,2741,175.962814070352,100,19.9,3501.66,1
"3520","South","Amajyepfo","Huye","Mbazi","Rusagara","Kibirizi",108,2.57793166768144,1,11,9,0.0801129304625009,0.126740210118836,3.00633413111079,3512,456.140740740741,101,10.8,4926.32,1
"3520.1","South","Amajyepfo","Huye","Mbazi","Rusagara","Kibirizi",108,2.98553485070074,1,7,5,0.0801129304625009,0.126740210118836,3.00633413111079,3512,456.140740740741,102,10.8,4926.32,1
"3520.2","South","Amajyepfo","Huye","Mbazi","Rusagara","Kibirizi",108,2.64081951898261,1,6,4,0.0801129304625009,0.126740210118836,3.00633413111079,3512,456.140740740741,103,10.8,4926.32,1
"3520.3","South","Amajyepfo","Huye","Mbazi","Rusagara","Kibirizi",108,3.08713114542996,1,5,3,0.0801129304625009,0.126740210118836,3.00633413111079,3512,456.140740740741,104,10.8,4926.32,1
"3520.4","South","Amajyepfo","Huye","Mbazi","Rusagara","Kibirizi",108,2.78366632767646,1,10,8,0.0801129304625009,0.126740210118836,3.00633413111079,3512,456.140740740741,105,10.8,4926.32,1
"3520.5","South","Amajyepfo","Huye","Mbazi","Rusagara","Kibirizi",108,2.00907251225534,1,2,1,0.0801129304625009,0.126740210118836,3.00633413111079,3512,456.140740740741,106,10.8,4926.32,1
"3520.6","South","Amajyepfo","Huye","Mbazi","Rusagara","Kibirizi",108,1.84712640609638,1,6,1,0.0801129304625009,0.126740210118836,3.00633413111079,3512,456.140740740741,107,10.8,4926.32,1
"3520.7","South","Amajyepfo","Huye","Mbazi","Rusagara","Kibirizi",108,2.1624474508474,1,4,1,0.0801129304625009,0.126740210118836,3.00633413111079,3512,456.140740740741,108,10.8,4926.32,1
"3520.8","South","Amajyepfo","Huye","Mbazi","Rusagara","Kibirizi",108,2.69978807540525,1,5,1,0.0801129304625009,0.126740210118836,3.00633413111079,3512,456.140740740741,109,10.8,4926.32,1
"3520.9","South","Amajyepfo","Huye","Mbazi","Rusagara","Kibirizi",108,2.41234569756636,1,6,3,0.0801129304625009,0.126740210118836,3.00633413111079,3512,456.140740740741,110,10.8,4926.32,1
"4460","South","Amajyepfo","Nyamagabe","Buruhukiro","Munini","Rukwandu",131,2.95798620471053,0,2,1,0.0737360112782708,0.105614761733861,3.17511425629497,3512,376.054961832061,111,13.1,4926.32,1
"4460.1","South","Amajyepfo","Nyamagabe","Buruhukiro","Munini","Rukwandu",131,2.43716205024859,0,7,1,0.0737360112782708,0.105614761733861,3.17511425629497,3512,376.054961832061,112,13.1,4926.32,1
"4460.2","South","Amajyepfo","Nyamagabe","Buruhukiro","Munini","Rukwandu",131,2.22697462407652,1,6,1,0.0737360112782708,0.105614761733861,3.17511425629497,3512,376.054961832061,113,13.1,4926.32,1
"4460.3","South","Amajyepfo","Nyamagabe","Buruhukiro","Munini","Rukwandu",131,2.37221946939894,1,4,2,0.0737360112782708,0.105614761733861,3.17511425629497,3512,376.054961832061,114,13.1,4926.32,1
"4460.4","South","Amajyepfo","Nyamagabe","Buruhukiro","Munini","Rukwandu",131,2.27632070709459,1,5,4,0.0737360112782708,0.105614761733861,3.17511425629497,3512,376.054961832061,115,13.1,4926.32,1
"4460.5","South","Amajyepfo","Nyamagabe","Buruhukiro","Munini","Rukwandu",131,0.915731676105562,1,8,4,0.0737360112782708,0.105614761733861,3.17511425629497,3512,376.054961832061,116,13.1,4926.32,1
"4460.6","South","Amajyepfo","Nyamagabe","Buruhukiro","Munini","Rukwandu",131,2.45632925240048,1,7,6,0.0737360112782708,0.105614761733861,3.17511425629497,3512,376.054961832061,117,13.1,4926.32,1
"4460.7","South","Amajyepfo","Nyamagabe","Buruhukiro","Munini","Rukwandu",131,1.51152089370264,1,8,6,0.0737360112782708,0.105614761733861,3.17511425629497,3512,376.054961832061,118,13.1,4926.32,1
"4460.8","South","Amajyepfo","Nyamagabe","Buruhukiro","Munini","Rukwandu",131,1.77383575730104,1,6,6,0.0737360112782708,0.105614761733861,3.17511425629497,3512,376.054961832061,119,13.1,4926.32,1
"4460.9","South","Amajyepfo","Nyamagabe","Buruhukiro","Munini","Rukwandu",131,2.2635686527445,1,7,6,0.0737360112782708,0.105614761733861,3.17511425629497,3512,376.054961832061,120,13.1,4926.32,1
"4251","South","Amajyepfo","Muhanga","Muhanga","Tyazo","Gitima",245,0.909081218937655,1,4,1,0.160923970993933,0.104185711608231,2.90158124905732,3512,201.074285714286,121,24.5,4926.32,1
"4251.1","South","Amajyepfo","Muhanga","Muhanga","Tyazo","Gitima",245,1.71446539817704,0,3,1,0.160923970993933,0.104185711608231,2.90158124905732,3512,201.074285714286,122,24.5,4926.32,1
"4251.2","South","Amajyepfo","Muhanga","Muhanga","Tyazo","Gitima",245,1.87290360346349,1,1,1,0.160923970993933,0.104185711608231,2.90158124905732,3512,201.074285714286,123,24.5,4926.32,1
"4251.3","South","Amajyepfo","Muhanga","Muhanga","Tyazo","Gitima",245,1.89774967983987,1,9,7,0.160923970993933,0.104185711608231,2.90158124905732,3512,201.074285714286,124,24.5,4926.32,1
"4251.4","South","Amajyepfo","Muhanga","Muhanga","Tyazo","Gitima",245,1.51994754776643,1,5,1,0.160923970993933,0.104185711608231,2.90158124905732,3512,201.074285714286,125,24.5,4926.32,1
"4251.5","South","Amajyepfo","Muhanga","Muhanga","Tyazo","Gitima",245,2.03622321339531,1,7,4,0.160923970993933,0.104185711608231,2.90158124905732,3512,201.074285714286,126,24.5,4926.32,1
"4251.6","South","Amajyepfo","Muhanga","Muhanga","Tyazo","Gitima",245,1.64041311142048,1,6,3,0.160923970993933,0.104185711608231,2.90158124905732,3512,201.074285714286,127,24.5,4926.32,1
"4251.7","South","Amajyepfo","Muhanga","Muhanga","Tyazo","Gitima",245,1.150990376169,1,4,1,0.160923970993933,0.104185711608231,2.90158124905732,3512,201.074285714286,128,24.5,4926.32,1
"4251.8","South","Amajyepfo","Muhanga","Muhanga","Tyazo","Gitima",245,1.81439998869895,1,3,1,0.160923970993933,0.104185711608231,2.90158124905732,3512,201.074285714286,129,24.5,4926.32,1
"4251.9","South","Amajyepfo","Muhanga","Muhanga","Tyazo","Gitima",245,1.3797197787487,1,3,1,0.160923970993933,0.104185711608231,2.90158124905732,3512,201.074285714286,130,24.5,4926.32,1
"6022","South","Amajyepfo","Ruhango","Mbuye","Mwendo","Karama",129,2.41338177024873,0,5,3,0.0711397276925859,0.145426729351286,3.25281449533553,3512,381.885271317829,131,12.9,4926.32,1
"6022.1","South","Amajyepfo","Ruhango","Mbuye","Mwendo","Karama",129,1.07384582985627,1,6,3,0.0711397276925859,0.145426729351286,3.25281449533553,3512,381.885271317829,132,12.9,4926.32,1
"6022.2","South","Amajyepfo","Ruhango","Mbuye","Mwendo","Karama",129,2.95817453815268,1,3,2,0.0711397276925859,0.145426729351286,3.25281449533553,3512,381.885271317829,133,12.9,4926.32,1
"6022.3","South","Amajyepfo","Ruhango","Mbuye","Mwendo","Karama",129,2.51648291261248,1,6,6,0.0711397276925859,0.145426729351286,3.25281449533553,3512,381.885271317829,134,12.9,4926.32,1
"6022.4","South","Amajyepfo","Ruhango","Mbuye","Mwendo","Karama",129,2.29231442852517,1,6,2,0.0711397276925859,0.145426729351286,3.25281449533553,3512,381.885271317829,135,12.9,4926.32,1
"6022.5","South","Amajyepfo","Ruhango","Mbuye","Mwendo","Karama",129,1.90274276906696,1,6,4,0.0711397276925859,0.145426729351286,3.25281449533553,3512,381.885271317829,136,12.9,4926.32,1
"6022.6","South","Amajyepfo","Ruhango","Mbuye","Mwendo","Karama",129,2.73057324500512,0,6,4,0.0711397276925859,0.145426729351286,3.25281449533553,3512,381.885271317829,137,12.9,4926.32,1
"6022.7","South","Amajyepfo","Ruhango","Mbuye","Mwendo","Karama",129,2.49983071157185,1,5,3,0.0711397276925859,0.145426729351286,3.25281449533553,3512,381.885271317829,138,12.9,4926.32,1
"6022.8","South","Amajyepfo","Ruhango","Mbuye","Mwendo","Karama",129,3.17925460366789,1,4,1,0.0711397276925859,0.145426729351286,3.25281449533553,3512,381.885271317829,139,12.9,4926.32,1
"6022.9","South","Amajyepfo","Ruhango","Mbuye","Mwendo","Karama",129,3.13274402329204,1,3,2,0.0711397276925859,0.145426729351286,3.25281449533553,3512,381.885271317829,140,12.9,4926.32,1
"5713","South","Amajyepfo","Nyaruguru","Rusenge","Raranzige","Gasave",155,1.95047214010585,1,4,2,0.151443131793731,0.11250792691152,2.88960503731798,3512,317.827096774194,141,15.5,4926.32,1
"5713.1","South","Amajyepfo","Nyaruguru","Rusenge","Raranzige","Gasave",155,2.015762829812,1,7,2,0.151443131793731,0.11250792691152,2.88960503731798,3512,317.827096774194,142,15.5,4926.32,1
"5713.2","South","Amajyepfo","Nyaruguru","Rusenge","Raranzige","Gasave",155,2.4325506696667,1,6,3,0.151443131793731,0.11250792691152,2.88960503731798,3512,317.827096774194,143,15.5,4926.32,1
"5713.3","South","Amajyepfo","Nyaruguru","Rusenge","Raranzige","Gasave",155,2.14136472560221,1,4,1,0.151443131793731,0.11250792691152,2.88960503731798,3512,317.827096774194,144,15.5,4926.32,1
"5713.4","South","Amajyepfo","Nyaruguru","Rusenge","Raranzige","Gasave",155,2.09195567276229,1,4,1,0.151443131793731,0.11250792691152,2.88960503731798,3512,317.827096774194,145,15.5,4926.32,1
"5713.5","South","Amajyepfo","Nyaruguru","Rusenge","Raranzige","Gasave",155,1.91509539005693,1,2,1,0.151443131793731,0.11250792691152,2.88960503731798,3512,317.827096774194,146,15.5,4926.32,1
"5713.6","South","Amajyepfo","Nyaruguru","Rusenge","Raranzige","Gasave",155,1.99473289033119,1,7,5,0.151443131793731,0.11250792691152,2.88960503731798,3512,317.827096774194,147,15.5,4926.32,1
"5713.7","South","Amajyepfo","Nyaruguru","Rusenge","Raranzige","Gasave",155,2.09895209985403,1,4,1,0.151443131793731,0.11250792691152,2.88960503731798,3512,317.827096774194,148,15.5,4926.32,1
"5713.8","South","Amajyepfo","Nyaruguru","Rusenge","Raranzige","Gasave",155,2.34602342202714,1,8,3,0.151443131793731,0.11250792691152,2.88960503731798,3512,317.827096774194,149,15.5,4926.32,1
"5713.9","South","Amajyepfo","Nyaruguru","Rusenge","Raranzige","Gasave",155,1.7978491326306,1,5,2,0.151443131793731,0.11250792691152,2.88960503731798,3512,317.827096774194,150,15.5,4926.32,1
"4063","South","Amajyepfo","Kamonyi","Rukoma","Remera","Gisenyi",185,1.11283559161394,1,4,3,0.0494263760703602,0.126990632450492,3.10671970555315,3512,266.287567567568,151,18.5,4926.32,1
"4063.1","South","Amajyepfo","Kamonyi","Rukoma","Remera","Gisenyi",185,1.13549274389611,1,8,4,0.0494263760703602,0.126990632450492,3.10671970555315,3512,266.287567567568,152,18.5,4926.32,1
"4063.2","South","Amajyepfo","Kamonyi","Rukoma","Remera","Gisenyi",185,1.84446940254302,1,5,1,0.0494263760703602,0.126990632450492,3.10671970555315,3512,266.287567567568,153,18.5,4926.32,1
"4063.3","South","Amajyepfo","Kamonyi","Rukoma","Remera","Gisenyi",185,0.549260209691703,1,5,1,0.0494263760703602,0.126990632450492,3.10671970555315,3512,266.287567567568,154,18.5,4926.32,1
"4063.4","South","Amajyepfo","Kamonyi","Rukoma","Remera","Gisenyi",185,1.29974696617542,1,3,1,0.0494263760703602,0.126990632450492,3.10671970555315,3512,266.287567567568,155,18.5,4926.32,1
"4063.5","South","Amajyepfo","Kamonyi","Rukoma","Remera","Gisenyi",185,1.18436109202515,1,2,1,0.0494263760703602,0.126990632450492,3.10671970555315,3512,266.287567567568,156,18.5,4926.32,1
"4063.6","South","Amajyepfo","Kamonyi","Rukoma","Remera","Gisenyi",185,1.94854241969149,1,13,10,0.0494263760703602,0.126990632450492,3.10671970555315,3512,266.287567567568,157,18.5,4926.32,1
"4063.7","South","Amajyepfo","Kamonyi","Rukoma","Remera","Gisenyi",185,1.17276948712272,1,6,3,0.0494263760703602,0.126990632450492,3.10671970555315,3512,266.287567567568,158,18.5,4926.32,1
"4063.8","South","Amajyepfo","Kamonyi","Rukoma","Remera","Gisenyi",185,1.21101423255198,1,4,1,0.0494263760703602,0.126990632450492,3.10671970555315,3512,266.287567567568,159,18.5,4926.32,1
"4063.9","South","Amajyepfo","Kamonyi","Rukoma","Remera","Gisenyi",185,1.33131138943219,1,8,6,0.0494263760703602,0.126990632450492,3.10671970555315,3512,266.287567567568,160,18.5,4926.32,1
"4940","South","Amajyepfo","Nyamagabe","Uwinkingi","Gahira","Kibugazi",150,2.11653998750192,1,5,1,0.0206015056984555,0.0739291667688304,3.28780713294661,3512,328.421333333333,161,15,4926.32,1
"4940.1","South","Amajyepfo","Nyamagabe","Uwinkingi","Gahira","Kibugazi",150,1.85893705157244,1,4,2,0.0206015056984555,0.0739291667688304,3.28780713294661,3512,328.421333333333,162,15,4926.32,1
"4940.2","South","Amajyepfo","Nyamagabe","Uwinkingi","Gahira","Kibugazi",150,2.32712779978032,1,7,6,0.0206015056984555,0.0739291667688304,3.28780713294661,3512,328.421333333333,163,15,4926.32,1
"4940.3","South","Amajyepfo","Nyamagabe","Uwinkingi","Gahira","Kibugazi",150,2.17796843003122,1,5,2,0.0206015056984555,0.0739291667688304,3.28780713294661,3512,328.421333333333,164,15,4926.32,1
"4940.4","South","Amajyepfo","Nyamagabe","Uwinkingi","Gahira","Kibugazi",150,1.12981747837172,1,3,1,0.0206015056984555,0.0739291667688304,3.28780713294661,3512,328.421333333333,165,15,4926.32,1
"4940.5","South","Amajyepfo","Nyamagabe","Uwinkingi","Gahira","Kibugazi",150,2.03550205282245,1,6,4,0.0206015056984555,0.0739291667688304,3.28780713294661,3512,328.421333333333,166,15,4926.32,1
"4940.6","South","Amajyepfo","Nyamagabe","Uwinkingi","Gahira","Kibugazi",150,1.72591885785431,1,3,1,0.0206015056984555,0.0739291667688304,3.28780713294661,3512,328.421333333333,167,15,4926.32,1
"4940.7","South","Amajyepfo","Nyamagabe","Uwinkingi","Gahira","Kibugazi",150,1.65441106041066,1,2,1,0.0206015056984555,0.0739291667688304,3.28780713294661,3512,328.421333333333,168,15,4926.32,1
"4940.8","South","Amajyepfo","Nyamagabe","Uwinkingi","Gahira","Kibugazi",150,1.77810356283585,1,3,1,0.0206015056984555,0.0739291667688304,3.28780713294661,3512,328.421333333333,169,15,4926.32,1
"4940.9","South","Amajyepfo","Nyamagabe","Uwinkingi","Gahira","Kibugazi",150,2.59715057227021,1,5,1,0.0206015056984555,0.0739291667688304,3.28780713294661,3512,328.421333333333,170,15,4926.32,1
"4788","South","Amajyepfo","Nyamagabe","Musange","Masizi","Rwina",141,1.01596342558368,1,2,1,0,0.117164552835294,3.13259215039993,3512,349.384397163121,171,14.1,4926.32,1
"4788.1","South","Amajyepfo","Nyamagabe","Musange","Masizi","Rwina",141,2.23738906881002,0,8,3,0,0.117164552835294,3.13259215039993,3512,349.384397163121,172,14.1,4926.32,1
"4788.2","South","Amajyepfo","Nyamagabe","Musange","Masizi","Rwina",141,2.56025639950056,1,4,1,0,0.117164552835294,3.13259215039993,3512,349.384397163121,173,14.1,4926.32,1
"4788.3","South","Amajyepfo","Nyamagabe","Musange","Masizi","Rwina",141,2.36302053040531,1,3,1,0,0.117164552835294,3.13259215039993,3512,349.384397163121,174,14.1,4926.32,1
"4788.4","South","Amajyepfo","Nyamagabe","Musange","Masizi","Rwina",141,2.61094006206389,0,2,1,0,0.117164552835294,3.13259215039993,3512,349.384397163121,175,14.1,4926.32,1
"4788.5","South","Amajyepfo","Nyamagabe","Musange","Masizi","Rwina",141,1.83791150695141,0,4,1,0,0.117164552835294,3.13259215039993,3512,349.384397163121,176,14.1,4926.32,1
"4788.6","South","Amajyepfo","Nyamagabe","Musange","Masizi","Rwina",141,1.87216575393177,1,3,1,0,0.117164552835294,3.13259215039993,3512,349.384397163121,177,14.1,4926.32,1
"4788.7","South","Amajyepfo","Nyamagabe","Musange","Masizi","Rwina",141,1.31911282028926,1,2,1,0,0.117164552835294,3.13259215039993,3512,349.384397163121,178,14.1,4926.32,1
"4788.8","South","Amajyepfo","Nyamagabe","Musange","Masizi","Rwina",141,1.33220207274598,1,7,6,0,0.117164552835294,3.13259215039993,3512,349.384397163121,179,14.1,4926.32,1
"4788.9","South","Amajyepfo","Nyamagabe","Musange","Masizi","Rwina",141,1.85680274754567,1,7,4,0,0.117164552835294,3.13259215039993,3512,349.384397163121,180,14.1,4926.32,1
"4816","South","Amajyepfo","Nyamagabe","Musebeya","Runege","Gacundura",139,1.55491988617369,1,1,1,0.0764397844534831,0.048505055234064,3.35514194137425,3512,354.411510791367,181,13.9,4926.32,1
"4816.1","South","Amajyepfo","Nyamagabe","Musebeya","Runege","Gacundura",139,2.97014601742113,1,1,1,0.0764397844534831,0.048505055234064,3.35514194137425,3512,354.411510791367,182,13.9,4926.32,1
"4816.2","South","Amajyepfo","Nyamagabe","Musebeya","Runege","Gacundura",139,1.50098426859365,1,1,1,0.0764397844534831,0.048505055234064,3.35514194137425,3512,354.411510791367,183,13.9,4926.32,1
"4816.3","South","Amajyepfo","Nyamagabe","Musebeya","Runege","Gacundura",139,1.37821281191267,1,1,1,0.0764397844534831,0.048505055234064,3.35514194137425,3512,354.411510791367,184,13.9,4926.32,1
"4816.4","South","Amajyepfo","Nyamagabe","Musebeya","Runege","Gacundura",139,1.35092661355781,1,1,1,0.0764397844534831,0.048505055234064,3.35514194137425,3512,354.411510791367,185,13.9,4926.32,1
"4816.5","South","Amajyepfo","Nyamagabe","Musebeya","Runege","Gacundura",139,2.62840113027569,0,1,1,0.0764397844534831,0.048505055234064,3.35514194137425,3512,354.411510791367,186,13.9,4926.32,1
"4816.6","South","Amajyepfo","Nyamagabe","Musebeya","Runege","Gacundura",139,2.03809753437293,1,1,1,0.0764397844534831,0.048505055234064,3.35514194137425,3512,354.411510791367,187,13.9,4926.32,1
"4816.7","South","Amajyepfo","Nyamagabe","Musebeya","Runege","Gacundura",139,2.22888978290938,1,1,1,0.0764397844534831,0.048505055234064,3.35514194137425,3512,354.411510791367,188,13.9,4926.32,1
"4816.8","South","Amajyepfo","Nyamagabe","Musebeya","Runege","Gacundura",139,1.20732325480249,0,3,2,0.0764397844534831,0.048505055234064,3.35514194137425,3512,354.411510791367,189,13.9,4926.32,1
"4816.9","South","Amajyepfo","Nyamagabe","Musebeya","Runege","Gacundura",139,1.25895837995737,1,2,2,0.0764397844534831,0.048505055234064,3.35514194137425,3512,354.411510791367,190,13.9,4926.32,1
"3897","South","Amajyepfo","Kamonyi","Musambira","Karengera","Kamayanja",286,0.0410131387742598,1,4,1,0.113981918994913,0.124686854934279,3.34675816375516,3512,172.248951048951,191,28.6,4926.32,1
"3897.1","South","Amajyepfo","Kamonyi","Musambira","Karengera","Kamayanja",286,0.628625119994626,1,4,1,0.113981918994913,0.124686854934279,3.34675816375516,3512,172.248951048951,192,28.6,4926.32,1
"3897.2","South","Amajyepfo","Kamonyi","Musambira","Karengera","Kamayanja",286,0.951402715476602,1,9,5,0.113981918994913,0.124686854934279,3.34675816375516,3512,172.248951048951,193,28.6,4926.32,1
"3897.3","South","Amajyepfo","Kamonyi","Musambira","Karengera","Kamayanja",286,0.81789306561342,1,7,3,0.113981918994913,0.124686854934279,3.34675816375516,3512,172.248951048951,194,28.6,4926.32,1
"3897.4","South","Amajyepfo","Kamonyi","Musambira","Karengera","Kamayanja",286,1.50812424961292,1,3,2,0.113981918994913,0.124686854934279,3.34675816375516,3512,172.248951048951,195,28.6,4926.32,1
"3897.5","South","Amajyepfo","Kamonyi","Musambira","Karengera","Kamayanja",286,1.33300770948355,1,1,1,0.113981918994913,0.124686854934279,3.34675816375516,3512,172.248951048951,196,28.6,4926.32,1
"3897.6","South","Amajyepfo","Kamonyi","Musambira","Karengera","Kamayanja",286,1.10680454828512,1,4,3,0.113981918994913,0.124686854934279,3.34675816375516,3512,172.248951048951,197,28.6,4926.32,1
"3897.7","South","Amajyepfo","Kamonyi","Musambira","Karengera","Kamayanja",286,0.719963250336588,1,3,2,0.113981918994913,0.124686854934279,3.34675816375516,3512,172.248951048951,198,28.6,4926.32,1
"3897.8","South","Amajyepfo","Kamonyi","Musambira","Karengera","Kamayanja",286,1.36561094513013,1,4,2,0.113981918994913,0.124686854934279,3.34675816375516,3512,172.248951048951,199,28.6,4926.32,1
"3897.9","South","Amajyepfo","Kamonyi","Musambira","Karengera","Kamayanja",286,1.37427136168432,1,5,4,0.113981918994913,0.124686854934279,3.34675816375516,3512,172.248951048951,200,28.6,4926.32,1
"7883","East","Uburasirazuba","Kirehe","Gahara","Murehe","Murama I",149,2.24634294982308,1,5,2,0.241499457395822,0.141790361743556,3.11813601393514,3785,297.381208053691,201,14.9,4430.98,1
"7883.1","East","Uburasirazuba","Kirehe","Gahara","Murehe","Murama I",149,1.07460960768442,1,5,2,0.241499457395822,0.141790361743556,3.11813601393514,3785,297.381208053691,202,14.9,4430.98,1
"7883.2","East","Uburasirazuba","Kirehe","Gahara","Murehe","Murama I",149,1.85943850070488,1,2,1,0.241499457395822,0.141790361743556,3.11813601393514,3785,297.381208053691,203,14.9,4430.98,1
"7883.3","East","Uburasirazuba","Kirehe","Gahara","Murehe","Murama I",149,1.82866876384982,1,3,1,0.241499457395822,0.141790361743556,3.11813601393514,3785,297.381208053691,204,14.9,4430.98,1
"7883.4","East","Uburasirazuba","Kirehe","Gahara","Murehe","Murama I",149,3.59137103553596,0,6,3,0.241499457395822,0.141790361743556,3.11813601393514,3785,297.381208053691,205,14.9,4430.98,1
"7883.5","East","Uburasirazuba","Kirehe","Gahara","Murehe","Murama I",149,2.25888836138154,1,10,6,0.241499457395822,0.141790361743556,3.11813601393514,3785,297.381208053691,206,14.9,4430.98,1
"7883.6","East","Uburasirazuba","Kirehe","Gahara","Murehe","Murama I",149,2.35664018869741,1,3,1,0.241499457395822,0.141790361743556,3.11813601393514,3785,297.381208053691,207,14.9,4430.98,1
"7883.7","East","Uburasirazuba","Kirehe","Gahara","Murehe","Murama I",149,2.12495387494236,1,1,1,0.241499457395822,0.141790361743556,3.11813601393514,3785,297.381208053691,208,14.9,4430.98,1
"7883.8","East","Uburasirazuba","Kirehe","Gahara","Murehe","Murama I",149,2.01051499041165,1,10,7,0.241499457395822,0.141790361743556,3.11813601393514,3785,297.381208053691,209,14.9,4430.98,1
"7883.9","East","Uburasirazuba","Kirehe","Gahara","Murehe","Murama I",149,1.86605074180805,1,9,4,0.241499457395822,0.141790361743556,3.11813601393514,3785,297.381208053691,210,14.9,4430.98,1
"9739","East","Uburasirazuba","Rwamagana","Kigabiro","Sibagire","Miyange",108,2.27868252900406,0,3,1,0.027142667832593,0.101991567944417,3.32794480103126,3785,410.275925925926,211,10.8,4430.98,1
"9739.1","East","Uburasirazuba","Rwamagana","Kigabiro","Sibagire","Miyange",108,1.85643763678615,1,4,3,0.027142667832593,0.101991567944417,3.32794480103126,3785,410.275925925926,212,10.8,4430.98,1
"9739.2","East","Uburasirazuba","Rwamagana","Kigabiro","Sibagire","Miyange",108,1.21455738647004,1,5,1,0.027142667832593,0.101991567944417,3.32794480103126,3785,410.275925925926,213,10.8,4430.98,1
"9739.3","East","Uburasirazuba","Rwamagana","Kigabiro","Sibagire","Miyange",108,2.95128843647988,1,6,6,0.027142667832593,0.101991567944417,3.32794480103126,3785,410.275925925926,214,10.8,4430.98,1
"9739.4","East","Uburasirazuba","Rwamagana","Kigabiro","Sibagire","Miyange",108,1.63686441490303,0,5,3,0.027142667832593,0.101991567944417,3.32794480103126,3785,410.275925925926,215,10.8,4430.98,1
"9739.5","East","Uburasirazuba","Rwamagana","Kigabiro","Sibagire","Miyange",108,3.02208234197477,1,6,2,0.027142667832593,0.101991567944417,3.32794480103126,3785,410.275925925926,216,10.8,4430.98,1
"9739.6","East","Uburasirazuba","Rwamagana","Kigabiro","Sibagire","Miyange",108,2.35859640513196,1,5,2,0.027142667832593,0.101991567944417,3.32794480103126,3785,410.275925925926,217,10.8,4430.98,1
"9739.7","East","Uburasirazuba","Rwamagana","Kigabiro","Sibagire","Miyange",108,1.86527047527895,1,5,1,0.027142667832593,0.101991567944417,3.32794480103126,3785,410.275925925926,218,10.8,4430.98,1
"9739.8","East","Uburasirazuba","Rwamagana","Kigabiro","Sibagire","Miyange",108,2.44654594827602,1,7,5,0.027142667832593,0.101991567944417,3.32794480103126,3785,410.275925925926,219,10.8,4430.98,1
"9739.9","East","Uburasirazuba","Rwamagana","Kigabiro","Sibagire","Miyange",108,2.47131671474143,1,8,6,0.027142667832593,0.101991567944417,3.32794480103126,3785,410.275925925926,220,10.8,4430.98,1
"7812","East","Uburasirazuba","Kayonza","Rwinkwavu","Gihinga","Rubirizi",151,3.67047264089452,1,3,1,0.137159067423634,0.0667986414862167,2.83309408540911,3785,293.44238410596,221,15.1,4430.98,1
"7812.1","East","Uburasirazuba","Kayonza","Rwinkwavu","Gihinga","Rubirizi",151,2.50363724806904,1,6,4,0.137159067423634,0.0667986414862167,2.83309408540911,3785,293.44238410596,222,15.1,4430.98,1
"7812.2","East","Uburasirazuba","Kayonza","Rwinkwavu","Gihinga","Rubirizi",151,3.02486403508256,1,4,2,0.137159067423634,0.0667986414862167,2.83309408540911,3785,293.44238410596,223,15.1,4430.98,1
"7812.3","East","Uburasirazuba","Kayonza","Rwinkwavu","Gihinga","Rubirizi",151,2.73065644150035,1,7,4,0.137159067423634,0.0667986414862167,2.83309408540911,3785,293.44238410596,224,15.1,4430.98,1
"7812.4","East","Uburasirazuba","Kayonza","Rwinkwavu","Gihinga","Rubirizi",151,3.40486784558902,1,4,1,0.137159067423634,0.0667986414862167,2.83309408540911,3785,293.44238410596,225,15.1,4430.98,1
"7812.5","East","Uburasirazuba","Kayonza","Rwinkwavu","Gihinga","Rubirizi",151,3.95451737316505,1,6,5,0.137159067423634,0.0667986414862167,2.83309408540911,3785,293.44238410596,226,15.1,4430.98,1
"7812.6","East","Uburasirazuba","Kayonza","Rwinkwavu","Gihinga","Rubirizi",151,3.02501701403178,1,5,1,0.137159067423634,0.0667986414862167,2.83309408540911,3785,293.44238410596,227,15.1,4430.98,1
"7812.7","East","Uburasirazuba","Kayonza","Rwinkwavu","Gihinga","Rubirizi",151,3.66721077189428,1,5,1,0.137159067423634,0.0667986414862167,2.83309408540911,3785,293.44238410596,228,15.1,4430.98,1
"7812.8","East","Uburasirazuba","Kayonza","Rwinkwavu","Gihinga","Rubirizi",151,3.55884012237351,1,2,1,0.137159067423634,0.0667986414862167,2.83309408540911,3785,293.44238410596,229,15.1,4430.98,1
"7812.9","East","Uburasirazuba","Kayonza","Rwinkwavu","Gihinga","Rubirizi",151,3.67801215886359,1,5,1,0.137159067423634,0.0667986414862167,2.83309408540911,3785,293.44238410596,230,15.1,4430.98,1
"8803","East","Uburasirazuba","Ngoma","Rukumberi","Rubona","Rugenda I",221,1.75703183688637,1,9,6,0.0637496542434581,0.150257459391687,2.66672890548802,3785,200.496832579186,231,22.1,4430.98,1
"8803.1","East","Uburasirazuba","Ngoma","Rukumberi","Rubona","Rugenda I",221,2.40021088057754,1,5,3,0.0637496542434581,0.150257459391687,2.66672890548802,3785,200.496832579186,232,22.1,4430.98,1
"8803.2","East","Uburasirazuba","Ngoma","Rukumberi","Rubona","Rugenda I",221,1.69487378735352,0,11,6,0.0637496542434581,0.150257459391687,2.66672890548802,3785,200.496832579186,233,22.1,4430.98,1
"8803.3","East","Uburasirazuba","Ngoma","Rukumberi","Rubona","Rugenda I",221,2.26517895911404,1,18,17,0.0637496542434581,0.150257459391687,2.66672890548802,3785,200.496832579186,234,22.1,4430.98,1
"8803.4","East","Uburasirazuba","Ngoma","Rukumberi","Rubona","Rugenda I",221,2.20972873633468,1,6,3,0.0637496542434581,0.150257459391687,2.66672890548802,3785,200.496832579186,235,22.1,4430.98,1
"8803.5","East","Uburasirazuba","Ngoma","Rukumberi","Rubona","Rugenda I",221,1.37314555287258,1,10,4,0.0637496542434581,0.150257459391687,2.66672890548802,3785,200.496832579186,236,22.1,4430.98,1
"8803.6","East","Uburasirazuba","Ngoma","Rukumberi","Rubona","Rugenda I",221,2.21546641804458,1,12,9,0.0637496542434581,0.150257459391687,2.66672890548802,3785,200.496832579186,237,22.1,4430.98,1
"8803.7","East","Uburasirazuba","Ngoma","Rukumberi","Rubona","Rugenda I",221,2.60345642715027,1,5,2,0.0637496542434581,0.150257459391687,2.66672890548802,3785,200.496832579186,238,22.1,4430.98,1
"8803.8","East","Uburasirazuba","Ngoma","Rukumberi","Rubona","Rugenda I",221,1.65497339968269,1,12,11,0.0637496542434581,0.150257459391687,2.66672890548802,3785,200.496832579186,239,22.1,4430.98,1
"8803.9","East","Uburasirazuba","Ngoma","Rukumberi","Rubona","Rugenda I",221,1.57405491124078,1,12,7,0.0637496542434581,0.150257459391687,2.66672890548802,3785,200.496832579186,240,22.1,4430.98,1
"6719","East","Uburasirazuba","Bugesera","Ririma","Ntarama","Gasave",50,2.6458285730834,1,2,1,0.0554463726539411,0.112132560223382,2.83679531010951,3785,886.196,241,5,4430.98,1
"6719.1","East","Uburasirazuba","Bugesera","Ririma","Ntarama","Gasave",50,1.60373384065967,1,2,1,0.0554463726539411,0.112132560223382,2.83679531010951,3785,886.196,242,5,4430.98,1
"6719.2","East","Uburasirazuba","Bugesera","Ririma","Ntarama","Gasave",50,1.9536892105139,1,4,1,0.0554463726539411,0.112132560223382,2.83679531010951,3785,886.196,243,5,4430.98,1
"6719.3","East","Uburasirazuba","Bugesera","Ririma","Ntarama","Gasave",50,2.80200500914353,1,10,6,0.0554463726539411,0.112132560223382,2.83679531010951,3785,886.196,244,5,4430.98,1
"6719.4","East","Uburasirazuba","Bugesera","Ririma","Ntarama","Gasave",50,4.08671362222056,1,7,6,0.0554463726539411,0.112132560223382,2.83679531010951,3785,886.196,245,5,4430.98,1
"6719.5","East","Uburasirazuba","Bugesera","Ririma","Ntarama","Gasave",50,2.29619888823914,1,3,1,0.0554463726539411,0.112132560223382,2.83679531010951,3785,886.196,246,5,4430.98,1
"6719.6","East","Uburasirazuba","Bugesera","Ririma","Ntarama","Gasave",50,2.82320499913105,1,2,1,0.0554463726539411,0.112132560223382,2.83679531010951,3785,886.196,247,5,4430.98,1
"6719.7","East","Uburasirazuba","Bugesera","Ririma","Ntarama","Gasave",50,3.08844583987865,1,5,4,0.0554463726539411,0.112132560223382,2.83679531010951,3785,886.196,248,5,4430.98,1
"6719.8","East","Uburasirazuba","Bugesera","Ririma","Ntarama","Gasave",50,2.47714869465227,1,7,5,0.0554463726539411,0.112132560223382,2.83679531010951,3785,886.196,249,5,4430.98,1
"6719.9","East","Uburasirazuba","Bugesera","Ririma","Ntarama","Gasave",50,2.86134167086878,1,1,1,0.0554463726539411,0.112132560223382,2.83679531010951,3785,886.196,250,5,4430.98,1
"8836","East","Uburasirazuba","Ngoma","Rurenge","Rujambara","Kabeza",90,2.11122650855694,0,3,1,0.0600953764229152,0.051005382617997,3.44725864958547,3785,492.331111111111,251,9,4430.98,1
"8836.1","East","Uburasirazuba","Ngoma","Rurenge","Rujambara","Kabeza",90,2.09437325188098,1,5,1,0.0600953764229152,0.051005382617997,3.44725864958547,3785,492.331111111111,252,9,4430.98,1
"8836.2","East","Uburasirazuba","Ngoma","Rurenge","Rujambara","Kabeza",90,1.96322063533209,0,2,1,0.0600953764229152,0.051005382617997,3.44725864958547,3785,492.331111111111,253,9,4430.98,1
"8836.3","East","Uburasirazuba","Ngoma","Rurenge","Rujambara","Kabeza",90,2.09424699600202,1,2,1,0.0600953764229152,0.051005382617997,3.44725864958547,3785,492.331111111111,254,9,4430.98,1
"8836.4","East","Uburasirazuba","Ngoma","Rurenge","Rujambara","Kabeza",90,1.45413577793357,1,1,1,0.0600953764229152,0.051005382617997,3.44725864958547,3785,492.331111111111,255,9,4430.98,1
"8836.5","East","Uburasirazuba","Ngoma","Rurenge","Rujambara","Kabeza",90,1.69896692031842,1,3,2,0.0600953764229152,0.051005382617997,3.44725864958547,3785,492.331111111111,256,9,4430.98,1
"8836.6","East","Uburasirazuba","Ngoma","Rurenge","Rujambara","Kabeza",90,1.26676552213134,1,3,1,0.0600953764229152,0.051005382617997,3.44725864958547,3785,492.331111111111,257,9,4430.98,1
"8836.7","East","Uburasirazuba","Ngoma","Rurenge","Rujambara","Kabeza",90,1.1822780490624,0,1,1,0.0600953764229152,0.051005382617997,3.44725864958547,3785,492.331111111111,258,9,4430.98,1
"8836.8","East","Uburasirazuba","Ngoma","Rurenge","Rujambara","Kabeza",90,1.53741761916542,1,5,1,0.0600953764229152,0.051005382617997,3.44725864958547,3785,492.331111111111,259,9,4430.98,1
"8836.9","East","Uburasirazuba","Ngoma","Rurenge","Rujambara","Kabeza",90,2.24171370269389,1,3,1,0.0600953764229152,0.051005382617997,3.44725864958547,3785,492.331111111111,260,9,4430.98,1
"8337","East","Uburasirazuba","Kirehe","Nasho","Ntaruka","Kabusunzu",107,3.145558983197,1,7,4,0.139002707108752,0.0585878111657114,2.55747694714407,3785,414.110280373832,261,10.7,4430.98,1
"8337.1","East","Uburasirazuba","Kirehe","Nasho","Ntaruka","Kabusunzu",107,3.3389952383228,1,7,6,0.139002707108752,0.0585878111657114,2.55747694714407,3785,414.110280373832,262,10.7,4430.98,1
"8337.2","East","Uburasirazuba","Kirehe","Nasho","Ntaruka","Kabusunzu",107,3.18889674920228,1,6,6,0.139002707108752,0.0585878111657114,2.55747694714407,3785,414.110280373832,263,10.7,4430.98,1
"8337.3","East","Uburasirazuba","Kirehe","Nasho","Ntaruka","Kabusunzu",107,2.86503435242097,0,3,1,0.139002707108752,0.0585878111657114,2.55747694714407,3785,414.110280373832,264,10.7,4430.98,1
"8337.4","East","Uburasirazuba","Kirehe","Nasho","Ntaruka","Kabusunzu",107,2.43633622293755,1,5,3,0.139002707108752,0.0585878111657114,2.55747694714407,3785,414.110280373832,265,10.7,4430.98,1
"8337.5","East","Uburasirazuba","Kirehe","Nasho","Ntaruka","Kabusunzu",107,3.13639841155215,1,9,8,0.139002707108752,0.0585878111657114,2.55747694714407,3785,414.110280373832,266,10.7,4430.98,1
"8337.6","East","Uburasirazuba","Kirehe","Nasho","Ntaruka","Kabusunzu",107,2.64418854935805,1,1,1,0.139002707108752,0.0585878111657114,2.55747694714407,3785,414.110280373832,267,10.7,4430.98,1
"8337.7","East","Uburasirazuba","Kirehe","Nasho","Ntaruka","Kabusunzu",107,2.41569181420841,1,9,7,0.139002707108752,0.0585878111657114,2.55747694714407,3785,414.110280373832,268,10.7,4430.98,1
"8337.8","East","Uburasirazuba","Kirehe","Nasho","Ntaruka","Kabusunzu",107,2.29975003824823,1,7,5,0.139002707108752,0.0585878111657114,2.55747694714407,3785,414.110280373832,269,10.7,4430.98,1
"8337.9","East","Uburasirazuba","Kirehe","Nasho","Ntaruka","Kabusunzu",107,2.77637698889046,1,7,5,0.139002707108752,0.0585878111657114,2.55747694714407,3785,414.110280373832,270,10.7,4430.98,1
"9437","East","Uburasirazuba","Nyagatare","RUKOMO","RUKOMO II","KABEZA",147,3.15331048248254,1,8,2,0.115177002848307,0.119026222330487,2.7307883418013,3785,301.427210884354,271,14.7,4430.98,1
"9437.1","East","Uburasirazuba","Nyagatare","RUKOMO","RUKOMO II","KABEZA",147,2.17985492441699,1,7,4,0.115177002848307,0.119026222330487,2.7307883418013,3785,301.427210884354,272,14.7,4430.98,1
"9437.2","East","Uburasirazuba","Nyagatare","RUKOMO","RUKOMO II","KABEZA",147,2.39176928176093,1,5,1,0.115177002848307,0.119026222330487,2.7307883418013,3785,301.427210884354,273,14.7,4430.98,1
"9437.3","East","Uburasirazuba","Nyagatare","RUKOMO","RUKOMO II","KABEZA",147,2.18188005521774,1,8,6,0.115177002848307,0.119026222330487,2.7307883418013,3785,301.427210884354,274,14.7,4430.98,1
"9437.4","East","Uburasirazuba","Nyagatare","RUKOMO","RUKOMO II","KABEZA",147,2.92960727033622,1,11,8,0.115177002848307,0.119026222330487,2.7307883418013,3785,301.427210884354,275,14.7,4430.98,1
"9437.5","East","Uburasirazuba","Nyagatare","RUKOMO","RUKOMO II","KABEZA",147,1.94764141989797,1,7,5,0.115177002848307,0.119026222330487,2.7307883418013,3785,301.427210884354,276,14.7,4430.98,1
"9437.6","East","Uburasirazuba","Nyagatare","RUKOMO","RUKOMO II","KABEZA",147,2.60674057931952,1,6,5,0.115177002848307,0.119026222330487,2.7307883418013,3785,301.427210884354,277,14.7,4430.98,1
"9437.7","East","Uburasirazuba","Nyagatare","RUKOMO","RUKOMO II","KABEZA",147,2.43910232453032,1,11,8,0.115177002848307,0.119026222330487,2.7307883418013,3785,301.427210884354,278,14.7,4430.98,1
"9437.8","East","Uburasirazuba","Nyagatare","RUKOMO","RUKOMO II","KABEZA",147,1.68151133043545,1,11,9,0.115177002848307,0.119026222330487,2.7307883418013,3785,301.427210884354,279,14.7,4430.98,1
"9437.9","East","Uburasirazuba","Nyagatare","RUKOMO","RUKOMO II","KABEZA",147,2.58733752620448,1,4,1,0.115177002848307,0.119026222330487,2.7307883418013,3785,301.427210884354,280,14.7,4430.98,1
"7200","East","Uburasirazuba","Gatsibo","Ngarama","Karambi","Rurama",182,2.3160166321599,1,4,4,0.182142972267007,0.0178581399433922,3.17775563887446,3785,243.46043956044,281,18.2,4430.98,1
"7200.1","East","Uburasirazuba","Gatsibo","Ngarama","Karambi","Rurama",182,1.77883076910385,1,5,4,0.182142972267007,0.0178581399433922,3.17775563887446,3785,243.46043956044,282,18.2,4430.98,1
"7200.2","East","Uburasirazuba","Gatsibo","Ngarama","Karambi","Rurama",182,1.17317699904514,1,2,1,0.182142972267007,0.0178581399433922,3.17775563887446,3785,243.46043956044,283,18.2,4430.98,1
"7200.3","East","Uburasirazuba","Gatsibo","Ngarama","Karambi","Rurama",182,1.79280041882347,1,4,1,0.182142972267007,0.0178581399433922,3.17775563887446,3785,243.46043956044,284,18.2,4430.98,1
"7200.4","East","Uburasirazuba","Gatsibo","Ngarama","Karambi","Rurama",182,3.14739560422535,1,6,2,0.182142972267007,0.0178581399433922,3.17775563887446,3785,243.46043956044,285,18.2,4430.98,1
"7200.5","East","Uburasirazuba","Gatsibo","Ngarama","Karambi","Rurama",182,2.17860083494834,1,7,4,0.182142972267007,0.0178581399433922,3.17775563887446,3785,243.46043956044,286,18.2,4430.98,1
"7200.6","East","Uburasirazuba","Gatsibo","Ngarama","Karambi","Rurama",182,1.40512738889729,1,7,3,0.182142972267007,0.0178581399433922,3.17775563887446,3785,243.46043956044,287,18.2,4430.98,1
"7200.7","East","Uburasirazuba","Gatsibo","Ngarama","Karambi","Rurama",182,2.28001086171173,1,4,2,0.182142972267007,0.0178581399433922,3.17775563887446,3785,243.46043956044,288,18.2,4430.98,1
"7200.8","East","Uburasirazuba","Gatsibo","Ngarama","Karambi","Rurama",182,2.20938356725436,1,4,4,0.182142972267007,0.0178581399433922,3.17775563887446,3785,243.46043956044,289,18.2,4430.98,1
"7200.9","East","Uburasirazuba","Gatsibo","Ngarama","Karambi","Rurama",182,1.43952550460892,1,8,5,0.182142972267007,0.0178581399433922,3.17775563887446,3785,243.46043956044,290,18.2,4430.98,1
"8055","East","Uburasirazuba","Kirehe","Kigina","Ruhanga","Ku Murenge",106,3.02681942572786,1,4,1,0.0984151515043193,0.129186061931007,2.90059888137513,3785,418.016981132076,291,10.6,4430.98,1
"8055.1","East","Uburasirazuba","Kirehe","Kigina","Ruhanga","Ku Murenge",106,1.88924236174903,1,3,1,0.0984151515043193,0.129186061931007,2.90059888137513,3785,418.016981132076,292,10.6,4430.98,1
"8055.2","East","Uburasirazuba","Kirehe","Kigina","Ruhanga","Ku Murenge",106,4.46039400959276,0,10,6,0.0984151515043193,0.129186061931007,2.90059888137513,3785,418.016981132076,293,10.6,4430.98,1
"8055.3","East","Uburasirazuba","Kirehe","Kigina","Ruhanga","Ku Murenge",106,2.20666215244219,1,8,5,0.0984151515043193,0.129186061931007,2.90059888137513,3785,418.016981132076,294,10.6,4430.98,1
"8055.4","East","Uburasirazuba","Kirehe","Kigina","Ruhanga","Ku Murenge",106,3.07454238389566,0,6,2,0.0984151515043193,0.129186061931007,2.90059888137513,3785,418.016981132076,295,10.6,4430.98,1
"8055.5","East","Uburasirazuba","Kirehe","Kigina","Ruhanga","Ku Murenge",106,2.39801010876457,1,5,5,0.0984151515043193,0.129186061931007,2.90059888137513,3785,418.016981132076,296,10.6,4430.98,1
"8055.6","East","Uburasirazuba","Kirehe","Kigina","Ruhanga","Ku Murenge",106,3.68721218527175,1,7,6,0.0984151515043193,0.129186061931007,2.90059888137513,3785,418.016981132076,297,10.6,4430.98,1
"8055.7","East","Uburasirazuba","Kirehe","Kigina","Ruhanga","Ku Murenge",106,2.6397257180131,1,3,1,0.0984151515043193,0.129186061931007,2.90059888137513,3785,418.016981132076,298,10.6,4430.98,1
"8055.8","East","Uburasirazuba","Kirehe","Kigina","Ruhanga","Ku Murenge",106,3.53128901219605,1,11,9,0.0984151515043193,0.129186061931007,2.90059888137513,3785,418.016981132076,299,10.6,4430.98,1
"8055.9","East","Uburasirazuba","Kirehe","Kigina","Ruhanga","Ku Murenge",106,2.96377468964558,1,7,1,0.0984151515043193,0.129186061931007,2.90059888137513,3785,418.016981132076,300,10.6,4430.98,1
"11750","West","Uburengerazuba","Nyamasheke","Karambi","Rushyarara","Rudaga",102,2.10668853408502,1,6,3,0.011106296319294,0.0507520848781202,2.99559226151315,3622,479.578431372549,301,10.2,4891.7,1
"11750.1","West","Uburengerazuba","Nyamasheke","Karambi","Rushyarara","Rudaga",102,2.5704523890149,1,7,6,0.011106296319294,0.0507520848781202,2.99559226151315,3622,479.578431372549,302,10.2,4891.7,1
"11750.2","West","Uburengerazuba","Nyamasheke","Karambi","Rushyarara","Rudaga",102,2.25260429968352,1,4,2,0.011106296319294,0.0507520848781202,2.99559226151315,3622,479.578431372549,303,10.2,4891.7,1
"11750.3","West","Uburengerazuba","Nyamasheke","Karambi","Rushyarara","Rudaga",102,2.98194733646653,0,7,6,0.011106296319294,0.0507520848781202,2.99559226151315,3622,479.578431372549,304,10.2,4891.7,1
"11750.4","West","Uburengerazuba","Nyamasheke","Karambi","Rushyarara","Rudaga",102,3.09823850182706,0,9,7,0.011106296319294,0.0507520848781202,2.99559226151315,3622,479.578431372549,305,10.2,4891.7,1
"11750.5","West","Uburengerazuba","Nyamasheke","Karambi","Rushyarara","Rudaga",102,2.62267180827863,1,5,1,0.011106296319294,0.0507520848781202,2.99559226151315,3622,479.578431372549,306,10.2,4891.7,1
"11750.6","West","Uburengerazuba","Nyamasheke","Karambi","Rushyarara","Rudaga",102,2.63237901817951,0,6,5,0.011106296319294,0.0507520848781202,2.99559226151315,3622,479.578431372549,307,10.2,4891.7,1
"11750.7","West","Uburengerazuba","Nyamasheke","Karambi","Rushyarara","Rudaga",102,2.08401310516305,0,13,11,0.011106296319294,0.0507520848781202,2.99559226151315,3622,479.578431372549,308,10.2,4891.7,1
"11750.8","West","Uburengerazuba","Nyamasheke","Karambi","Rushyarara","Rudaga",102,1.79253518419364,1,8,3,0.011106296319294,0.0507520848781202,2.99559226151315,3622,479.578431372549,309,10.2,4891.7,1
"11750.9","West","Uburengerazuba","Nyamasheke","Karambi","Rushyarara","Rudaga",102,2.31642308567754,1,4,4,0.011106296319294,0.0507520848781202,2.99559226151315,3622,479.578431372549,310,10.2,4891.7,1
"11012","West","Uburengerazuba","Nyabihu","Bigogwe","Kijote","Gasiza",173,2.60433546525372,1,4,1,0.0736406115560079,0.0767395677371197,2.9810963304798,3622,282.757225433526,311,17.3,4891.7,1
"11012.1","West","Uburengerazuba","Nyabihu","Bigogwe","Kijote","Gasiza",173,1.37200214062048,1,11,10,0.0736406115560079,0.0767395677371197,2.9810963304798,3622,282.757225433526,312,17.3,4891.7,1
"11012.2","West","Uburengerazuba","Nyabihu","Bigogwe","Kijote","Gasiza",173,1.48539547564647,1,6,5,0.0736406115560079,0.0767395677371197,2.9810963304798,3622,282.757225433526,313,17.3,4891.7,1
"11012.3","West","Uburengerazuba","Nyabihu","Bigogwe","Kijote","Gasiza",173,2.88294316293321,1,6,3,0.0736406115560079,0.0767395677371197,2.9810963304798,3622,282.757225433526,314,17.3,4891.7,1
"11012.4","West","Uburengerazuba","Nyabihu","Bigogwe","Kijote","Gasiza",173,2.48636809402327,1,11,10,0.0736406115560079,0.0767395677371197,2.9810963304798,3622,282.757225433526,315,17.3,4891.7,1
"11012.5","West","Uburengerazuba","Nyabihu","Bigogwe","Kijote","Gasiza",173,3.31502638682286,1,5,3,0.0736406115560079,0.0767395677371197,2.9810963304798,3622,282.757225433526,316,17.3,4891.7,1
"11012.6","West","Uburengerazuba","Nyabihu","Bigogwe","Kijote","Gasiza",173,2.29578248147075,1,3,1,0.0736406115560079,0.0767395677371197,2.9810963304798,3622,282.757225433526,317,17.3,4891.7,1
"11012.7","West","Uburengerazuba","Nyabihu","Bigogwe","Kijote","Gasiza",173,2.37469267730832,1,4,1,0.0736406115560079,0.0767395677371197,2.9810963304798,3622,282.757225433526,318,17.3,4891.7,1
"11012.8","West","Uburengerazuba","Nyabihu","Bigogwe","Kijote","Gasiza",173,2.20446946022325,1,5,3,0.0736406115560079,0.0767395677371197,2.9810963304798,3622,282.757225433526,319,17.3,4891.7,1
"11012.9","West","Uburengerazuba","Nyabihu","Bigogwe","Kijote","Gasiza",173,2.57037733631463,1,4,3,0.0736406115560079,0.0767395677371197,2.9810963304798,3622,282.757225433526,320,17.3,4891.7,1
"13207","West","Uburengerazuba","Rutsiro","Gihango","Bugina","Karambi",139,2.07817641771374,1,2,1,0.111901255330886,0,2.44884378456973,3622,351.920863309353,321,13.9,4891.7,1
"13207.1","West","Uburengerazuba","Rutsiro","Gihango","Bugina","Karambi",139,2.7953756319894,0,1,1,0.111901255330886,0,2.44884378456973,3622,351.920863309353,322,13.9,4891.7,1
"13207.2","West","Uburengerazuba","Rutsiro","Gihango","Bugina","Karambi",139,2.64346332399149,0,4,2,0.111901255330886,0,2.44884378456973,3622,351.920863309353,323,13.9,4891.7,1
"13207.3","West","Uburengerazuba","Rutsiro","Gihango","Bugina","Karambi",139,2.25967916584764,1,2,1,0.111901255330886,0,2.44884378456973,3622,351.920863309353,324,13.9,4891.7,1
"13207.4","West","Uburengerazuba","Rutsiro","Gihango","Bugina","Karambi",139,1.76707866924557,1,4,3,0.111901255330886,0,2.44884378456973,3622,351.920863309353,325,13.9,4891.7,1
"13207.5","West","Uburengerazuba","Rutsiro","Gihango","Bugina","Karambi",139,2.06622421461415,0,3,1,0.111901255330886,0,2.44884378456973,3622,351.920863309353,326,13.9,4891.7,1
"13207.6","West","Uburengerazuba","Rutsiro","Gihango","Bugina","Karambi",139,2.47325039539747,1,5,3,0.111901255330886,0,2.44884378456973,3622,351.920863309353,327,13.9,4891.7,1
"13207.7","West","Uburengerazuba","Rutsiro","Gihango","Bugina","Karambi",139,2.6790059170108,0,4,1,0.111901255330886,0,2.44884378456973,3622,351.920863309353,328,13.9,4891.7,1
"13207.8","West","Uburengerazuba","Rutsiro","Gihango","Bugina","Karambi",139,3.34380293888186,0,3,1,0.111901255330886,0,2.44884378456973,3622,351.920863309353,329,13.9,4891.7,1
"13207.9","West","Uburengerazuba","Rutsiro","Gihango","Bugina","Karambi",139,1.99823739458656,1,5,1,0.111901255330886,0,2.44884378456973,3622,351.920863309353,330,13.9,4891.7,1
"12506","West","Uburengerazuba","Rubavu","Rubavu","Byahi","Ngugo",296,0,1,1,1,0.0204511628428451,0.136600958598362,3.50279259932629,3622,165.260135135135,331,29.6,4891.7,1
"12506.1","West","Uburengerazuba","Rubavu","Rubavu","Byahi","Ngugo",296,1.26739169841159,1,5,1,0.0204511628428451,0.136600958598362,3.50279259932629,3622,165.260135135135,332,29.6,4891.7,1
"12506.2","West","Uburengerazuba","Rubavu","Rubavu","Byahi","Ngugo",296,0.212815784048165,0,2,1,0.0204511628428451,0.136600958598362,3.50279259932629,3622,165.260135135135,333,29.6,4891.7,1
"12506.3","West","Uburengerazuba","Rubavu","Rubavu","Byahi","Ngugo",296,0.968578820511088,1,1,1,0.0204511628428451,0.136600958598362,3.50279259932629,3622,165.260135135135,334,29.6,4891.7,1
"12506.4","West","Uburengerazuba","Rubavu","Rubavu","Byahi","Ngugo",296,0.498496630328828,1,6,2,0.0204511628428451,0.136600958598362,3.50279259932629,3622,165.260135135135,335,29.6,4891.7,1
"12506.5","West","Uburengerazuba","Rubavu","Rubavu","Byahi","Ngugo",296,2.23373064798706,1,3,2,0.0204511628428451,0.136600958598362,3.50279259932629,3622,165.260135135135,336,29.6,4891.7,1
"12506.6","West","Uburengerazuba","Rubavu","Rubavu","Byahi","Ngugo",296,1.02087632826184,1,1,1,0.0204511628428451,0.136600958598362,3.50279259932629,3622,165.260135135135,337,29.6,4891.7,1
"12506.7","West","Uburengerazuba","Rubavu","Rubavu","Byahi","Ngugo",296,0.458209933959364,1,2,1,0.0204511628428451,0.136600958598362,3.50279259932629,3622,165.260135135135,338,29.6,4891.7,1
"12506.8","West","Uburengerazuba","Rubavu","Rubavu","Byahi","Ngugo",296,0.877671540501984,1,3,1,0.0204511628428451,0.136600958598362,3.50279259932629,3622,165.260135135135,339,29.6,4891.7,1
"12506.9","West","Uburengerazuba","Rubavu","Rubavu","Byahi","Ngugo",296,1.58106790441866,1,3,1,0.0204511628428451,0.136600958598362,3.50279259932629,3622,165.260135135135,340,29.6,4891.7,1
"11470","West","Uburengerazuba","Nyamasheke","Bushekeri","Buvungira","Bushekeri",174,2.54408530860454,1,1,1,0.0222112900845814,0.138835156539024,2.69893903648508,3622,281.132183908046,341,17.4,4891.7,1
"11470.1","West","Uburengerazuba","Nyamasheke","Bushekeri","Buvungira","Bushekeri",174,2.94833105827155,1,4,2,0.0222112900845814,0.138835156539024,2.69893903648508,3622,281.132183908046,342,17.4,4891.7,1
"11470.2","West","Uburengerazuba","Nyamasheke","Bushekeri","Buvungira","Bushekeri",174,4.63830953437864,1,1,1,0.0222112900845814,0.138835156539024,2.69893903648508,3622,281.132183908046,343,17.4,4891.7,1
"11470.3","West","Uburengerazuba","Nyamasheke","Bushekeri","Buvungira","Bushekeri",174,1.54232977258697,1,4,4,0.0222112900845814,0.138835156539024,2.69893903648508,3622,281.132183908046,344,17.4,4891.7,1
"11470.4","West","Uburengerazuba","Nyamasheke","Bushekeri","Buvungira","Bushekeri",174,3.17933617741799,0,1,1,0.0222112900845814,0.138835156539024,2.69893903648508,3622,281.132183908046,345,17.4,4891.7,1
"11470.5","West","Uburengerazuba","Nyamasheke","Bushekeri","Buvungira","Bushekeri",174,3.1530563467383,1,1,1,0.0222112900845814,0.138835156539024,2.69893903648508,3622,281.132183908046,346,17.4,4891.7,1
"11470.6","West","Uburengerazuba","Nyamasheke","Bushekeri","Buvungira","Bushekeri",174,3.4579148902349,1,1,1,0.0222112900845814,0.138835156539024,2.69893903648508,3622,281.132183908046,347,17.4,4891.7,1
"11470.7","West","Uburengerazuba","Nyamasheke","Bushekeri","Buvungira","Bushekeri",174,3.24654187783986,1,2,1,0.0222112900845814,0.138835156539024,2.69893903648508,3622,281.132183908046,348,17.4,4891.7,1
"11470.8","West","Uburengerazuba","Nyamasheke","Bushekeri","Buvungira","Bushekeri",174,2.62451657024597,1,1,1,0.0222112900845814,0.138835156539024,2.69893903648508,3622,281.132183908046,349,17.4,4891.7,1
"11470.9","West","Uburengerazuba","Nyamasheke","Bushekeri","Buvungira","Bushekeri",174,3.39132980275253,1,2,1,0.0222112900845814,0.138835156539024,2.69893903648508,3622,281.132183908046,350,17.4,4891.7,1
"11878","West","Uburengerazuba","Nyamasheke","Mahembe","Gisoke","Nyabumera",75,1.93290359066512,0,3,1,0.131548785171416,0.00738508964449469,3.34049576669248,3622,652.226666666667,351,7.5,4891.7,1
"11878.1","West","Uburengerazuba","Nyamasheke","Mahembe","Gisoke","Nyabumera",75,1.92938667009241,1,2,1,0.131548785171416,0.00738508964449469,3.34049576669248,3622,652.226666666667,352,7.5,4891.7,1
"11878.2","West","Uburengerazuba","Nyamasheke","Mahembe","Gisoke","Nyabumera",75,1.76082530920333,1,1,1,0.131548785171416,0.00738508964449469,3.34049576669248,3622,652.226666666667,353,7.5,4891.7,1
"11878.3","West","Uburengerazuba","Nyamasheke","Mahembe","Gisoke","Nyabumera",75,1.95312099250665,1,5,3,0.131548785171416,0.00738508964449469,3.34049576669248,3622,652.226666666667,354,7.5,4891.7,1
"11878.4","West","Uburengerazuba","Nyamasheke","Mahembe","Gisoke","Nyabumera",75,2.33723641038693,1,1,1,0.131548785171416,0.00738508964449469,3.34049576669248,3622,652.226666666667,355,7.5,4891.7,1
"11878.5","West","Uburengerazuba","Nyamasheke","Mahembe","Gisoke","Nyabumera",75,2.50096876047573,0,3,1,0.131548785171416,0.00738508964449469,3.34049576669248,3622,652.226666666667,356,7.5,4891.7,1
"11878.6","West","Uburengerazuba","Nyamasheke","Mahembe","Gisoke","Nyabumera",75,2.0667521279565,1,4,1,0.131548785171416,0.00738508964449469,3.34049576669248,3622,652.226666666667,357,7.5,4891.7,1
"11878.7","West","Uburengerazuba","Nyamasheke","Mahembe","Gisoke","Nyabumera",75,1.93354507458323,1,5,1,0.131548785171416,0.00738508964449469,3.34049576669248,3622,652.226666666667,358,7.5,4891.7,1
"11878.8","West","Uburengerazuba","Nyamasheke","Mahembe","Gisoke","Nyabumera",75,1.57887312564386,1,6,2,0.131548785171416,0.00738508964449469,3.34049576669248,3622,652.226666666667,359,7.5,4891.7,1
"11878.9","West","Uburengerazuba","Nyamasheke","Mahembe","Gisoke","Nyabumera",75,1.62358480651644,1,3,2,0.131548785171416,0.00738508964449469,3.34049576669248,3622,652.226666666667,360,7.5,4891.7,1
"11651","West","Uburengerazuba","Nyamasheke","Kagano","Rwesero","Mutusa",203,1.75719240879541,1,4,2,0.0162022376145275,0.118667085224997,3.28427610321912,3622,240.970443349754,361,20.3,4891.7,1
"11651.1","West","Uburengerazuba","Nyamasheke","Kagano","Rwesero","Mutusa",203,2.07726231717585,1,5,1,0.0162022376145275,0.118667085224997,3.28427610321912,3622,240.970443349754,362,20.3,4891.7,1
"11651.2","West","Uburengerazuba","Nyamasheke","Kagano","Rwesero","Mutusa",203,0.599095260914182,1,2,1,0.0162022376145275,0.118667085224997,3.28427610321912,3622,240.970443349754,363,20.3,4891.7,1
"11651.3","West","Uburengerazuba","Nyamasheke","Kagano","Rwesero","Mutusa",203,0.897519312608398,1,3,1,0.0162022376145275,0.118667085224997,3.28427610321912,3622,240.970443349754,364,20.3,4891.7,1
"11651.4","West","Uburengerazuba","Nyamasheke","Kagano","Rwesero","Mutusa",203,1.37044566134991,1,1,1,0.0162022376145275,0.118667085224997,3.28427610321912,3622,240.970443349754,365,20.3,4891.7,1
"11651.5","West","Uburengerazuba","Nyamasheke","Kagano","Rwesero","Mutusa",203,1.45624078965245,1,4,2,0.0162022376145275,0.118667085224997,3.28427610321912,3622,240.970443349754,366,20.3,4891.7,1
"11651.6","West","Uburengerazuba","Nyamasheke","Kagano","Rwesero","Mutusa",203,1.12337751856925,0,4,1,0.0162022376145275,0.118667085224997,3.28427610321912,3622,240.970443349754,367,20.3,4891.7,1
"11651.7","West","Uburengerazuba","Nyamasheke","Kagano","Rwesero","Mutusa",203,1.6383314214286,1,4,1,0.0162022376145275,0.118667085224997,3.28427610321912,3622,240.970443349754,368,20.3,4891.7,1
"11651.8","West","Uburengerazuba","Nyamasheke","Kagano","Rwesero","Mutusa",203,1.79928244621924,1,2,1,0.0162022376145275,0.118667085224997,3.28427610321912,3622,240.970443349754,369,20.3,4891.7,1
"11651.9","West","Uburengerazuba","Nyamasheke","Kagano","Rwesero","Mutusa",203,1.53909007279049,1,1,1,0.0162022376145275,0.118667085224997,3.28427610321912,3622,240.970443349754,370,20.3,4891.7,1
"12431","West","Uburengerazuba","Rubavu","Nyamyumba","Rubona","Bunyago",130,2.14589417307461,1,7,4,0.127888593104745,0.0428121637592837,2.77694317420005,3622,376.284615384615,371,13,4891.7,1
"12431.1","West","Uburengerazuba","Rubavu","Nyamyumba","Rubona","Bunyago",130,1.1987510077195,1,10,8,0.127888593104745,0.0428121637592837,2.77694317420005,3622,376.284615384615,372,13,4891.7,1
"12431.2","West","Uburengerazuba","Rubavu","Nyamyumba","Rubona","Bunyago",130,2.67737446046688,1,9,5,0.127888593104745,0.0428121637592837,2.77694317420005,3622,376.284615384615,373,13,4891.7,1
"12431.3","West","Uburengerazuba","Rubavu","Nyamyumba","Rubona","Bunyago",130,1.52247977151066,1,10,8,0.127888593104745,0.0428121637592837,2.77694317420005,3622,376.284615384615,374,13,4891.7,1
"12431.4","West","Uburengerazuba","Rubavu","Nyamyumba","Rubona","Bunyago",130,1.54503962930028,1,10,9,0.127888593104745,0.0428121637592837,2.77694317420005,3622,376.284615384615,375,13,4891.7,1
"12431.5","West","Uburengerazuba","Rubavu","Nyamyumba","Rubona","Bunyago",130,2.79534956534828,1,7,3,0.127888593104745,0.0428121637592837,2.77694317420005,3622,376.284615384615,376,13,4891.7,1
"12431.6","West","Uburengerazuba","Rubavu","Nyamyumba","Rubona","Bunyago",130,2.39608015728128,1,5,3,0.127888593104745,0.0428121637592837,2.77694317420005,3622,376.284615384615,377,13,4891.7,1
"12431.7","West","Uburengerazuba","Rubavu","Nyamyumba","Rubona","Bunyago",130,1.97196617841362,1,6,1,0.127888593104745,0.0428121637592837,2.77694317420005,3622,376.284615384615,378,13,4891.7,1
"12431.8","West","Uburengerazuba","Rubavu","Nyamyumba","Rubona","Bunyago",130,2.71878172889936,1,4,2,0.127888593104745,0.0428121637592837,2.77694317420005,3622,376.284615384615,379,13,4891.7,1
"12431.9","West","Uburengerazuba","Rubavu","Nyamyumba","Rubona","Bunyago",130,1.72968440628364,1,9,8,0.127888593104745,0.0428121637592837,2.77694317420005,3622,376.284615384615,380,13,4891.7,1
"10888","West","Uburengerazuba","Ngororero","NDARO","KIBANDA","RUTAMBIRO",97,1.02589362823464,1,4,2,0.014213998522779,0.0765518773820058,3.28333705599688,3622,504.298969072165,381,9.7,4891.7,1
"10888.1","West","Uburengerazuba","Ngororero","NDARO","KIBANDA","RUTAMBIRO",97,0.903831351682634,1,1,1,0.014213998522779,0.0765518773820058,3.28333705599688,3622,504.298969072165,382,9.7,4891.7,1
"10888.2","West","Uburengerazuba","Ngororero","NDARO","KIBANDA","RUTAMBIRO",97,0,1,4,4,0.014213998522779,0.0765518773820058,3.28333705599688,3622,504.298969072165,383,9.7,4891.7,1
"10888.3","West","Uburengerazuba","Ngororero","NDARO","KIBANDA","RUTAMBIRO",97,0.717346088213027,1,7,6,0.014213998522779,0.0765518773820058,3.28333705599688,3622,504.298969072165,384,9.7,4891.7,1
"10888.4","West","Uburengerazuba","Ngororero","NDARO","KIBANDA","RUTAMBIRO",97,0.0160684454016196,1,1,1,0.014213998522779,0.0765518773820058,3.28333705599688,3622,504.298969072165,385,9.7,4891.7,1
"10888.5","West","Uburengerazuba","Ngororero","NDARO","KIBANDA","RUTAMBIRO",97,0.106032251014363,1,3,1,0.014213998522779,0.0765518773820058,3.28333705599688,3622,504.298969072165,386,9.7,4891.7,1
"10888.6","West","Uburengerazuba","Ngororero","NDARO","KIBANDA","RUTAMBIRO",97,0.146688144052281,1,1,1,0.014213998522779,0.0765518773820058,3.28333705599688,3622,504.298969072165,387,9.7,4891.7,1
"10888.7","West","Uburengerazuba","Ngororero","NDARO","KIBANDA","RUTAMBIRO",97,0,1,4,2,0.014213998522779,0.0765518773820058,3.28333705599688,3622,504.298969072165,388,9.7,4891.7,1
"10888.8","West","Uburengerazuba","Ngororero","NDARO","KIBANDA","RUTAMBIRO",97,1.06844987229369,1,1,1,0.014213998522779,0.0765518773820058,3.28333705599688,3622,504.298969072165,389,9.7,4891.7,1
"10888.9","West","Uburengerazuba","Ngororero","NDARO","KIBANDA","RUTAMBIRO",97,0.529353392596835,1,2,1,0.014213998522779,0.0765518773820058,3.28333705599688,3622,504.298969072165,390,9.7,4891.7,1
"13572","West","Uburengerazuba","Rutsiro","Nyabirasi","Ngoma","Kazo",120,2.52413754353383,1,6,4,0.100216181489835,0.136713587034922,2.39291454197396,3622,407.641666666667,391,12,4891.7,1
"13572.1","West","Uburengerazuba","Rutsiro","Nyabirasi","Ngoma","Kazo",120,3.24089637099454,0,4,1,0.100216181489835,0.136713587034922,2.39291454197396,3622,407.641666666667,392,12,4891.7,1
"13572.2","West","Uburengerazuba","Rutsiro","Nyabirasi","Ngoma","Kazo",120,3.36910546994263,1,2,2,0.100216181489835,0.136713587034922,2.39291454197396,3622,407.641666666667,393,12,4891.7,1
"13572.3","West","Uburengerazuba","Rutsiro","Nyabirasi","Ngoma","Kazo",120,4.05362332463411,1,5,2,0.100216181489835,0.136713587034922,2.39291454197396,3622,407.641666666667,394,12,4891.7,1
"13572.4","West","Uburengerazuba","Rutsiro","Nyabirasi","Ngoma","Kazo",120,3.13159904360134,1,4,1,0.100216181489835,0.136713587034922,2.39291454197396,3622,407.641666666667,395,12,4891.7,1
"13572.5","West","Uburengerazuba","Rutsiro","Nyabirasi","Ngoma","Kazo",120,3.89453533458273,1,1,1,0.100216181489835,0.136713587034922,2.39291454197396,3622,407.641666666667,396,12,4891.7,1
"13572.6","West","Uburengerazuba","Rutsiro","Nyabirasi","Ngoma","Kazo",120,3.46282494082758,1,2,1,0.100216181489835,0.136713587034922,2.39291454197396,3622,407.641666666667,397,12,4891.7,1
"13572.7","West","Uburengerazuba","Rutsiro","Nyabirasi","Ngoma","Kazo",120,3.65253754942674,0,1,1,0.100216181489835,0.136713587034922,2.39291454197396,3622,407.641666666667,398,12,4891.7,1
"13572.8","West","Uburengerazuba","Rutsiro","Nyabirasi","Ngoma","Kazo",120,2.7782937815866,0,4,3,0.100216181489835,0.136713587034922,2.39291454197396,3622,407.641666666667,399,12,4891.7,1
"13572.9","West","Uburengerazuba","Rutsiro","Nyabirasi","Ngoma","Kazo",120,2.11145671422986,1,3,1,0.100216181489835,0.136713587034922,2.39291454197396,3622,407.641666666667,400,12,4891.7,1
"14249","Kigali","Umujyi wa Kigali","Kicukiro","Kagarama","Kanserege","Byimana",207,0,1,4,1,0.299874543253123,0.0520063351259131,3.59773709114502,1177,93.6830917874396,401,20.7,1939.24,1
"14249.1","Kigali","Umujyi wa Kigali","Kicukiro","Kagarama","Kanserege","Byimana",207,0,1,4,1,0.299874543253123,0.0520063351259131,3.59773709114502,1177,93.6830917874396,402,20.7,1939.24,1
"14249.2","Kigali","Umujyi wa Kigali","Kicukiro","Kagarama","Kanserege","Byimana",207,0.172086765730948,1,5,4,0.299874543253123,0.0520063351259131,3.59773709114502,1177,93.6830917874396,403,20.7,1939.24,1
"14249.3","Kigali","Umujyi wa Kigali","Kicukiro","Kagarama","Kanserege","Byimana",207,0.960112305835882,1,7,3,0.299874543253123,0.0520063351259131,3.59773709114502,1177,93.6830917874396,404,20.7,1939.24,1
"14249.4","Kigali","Umujyi wa Kigali","Kicukiro","Kagarama","Kanserege","Byimana",207,0.281602157913103,1,2,2,0.299874543253123,0.0520063351259131,3.59773709114502,1177,93.6830917874396,405,20.7,1939.24,1
"14249.5","Kigali","Umujyi wa Kigali","Kicukiro","Kagarama","Kanserege","Byimana",207,0.157675078701606,1,4,1,0.299874543253123,0.0520063351259131,3.59773709114502,1177,93.6830917874396,406,20.7,1939.24,1
"14249.6","Kigali","Umujyi wa Kigali","Kicukiro","Kagarama","Kanserege","Byimana",207,0.130669711017963,1,3,1,0.299874543253123,0.0520063351259131,3.59773709114502,1177,93.6830917874396,407,20.7,1939.24,1
"14249.7","Kigali","Umujyi wa Kigali","Kicukiro","Kagarama","Kanserege","Byimana",207,1.11236749803902,1,7,5,0.299874543253123,0.0520063351259131,3.59773709114502,1177,93.6830917874396,408,20.7,1939.24,1
"14249.8","Kigali","Umujyi wa Kigali","Kicukiro","Kagarama","Kanserege","Byimana",207,0.235094351419398,1,3,1,0.299874543253123,0.0520063351259131,3.59773709114502,1177,93.6830917874396,409,20.7,1939.24,1
"14249.9","Kigali","Umujyi wa Kigali","Kicukiro","Kagarama","Kanserege","Byimana",207,0.72204880151192,1,3,1,0.299874543253123,0.0520063351259131,3.59773709114502,1177,93.6830917874396,410,20.7,1939.24,1
"13977","Kigali","Umujyi wa Kigali","Gasabo","Ndera","Bwiza ","Kagarama",122,0.263694606331762,1,5,3,0.0363200025438367,0.010860753368437,3.28184883150604,1177,158.954098360656,411,12.2,1939.24,1
"13977.1","Kigali","Umujyi wa Kigali","Gasabo","Ndera","Bwiza ","Kagarama",122,1.55045505218349,1,4,2,0.0363200025438367,0.010860753368437,3.28184883150604,1177,158.954098360656,412,12.2,1939.24,1
"13977.2","Kigali","Umujyi wa Kigali","Gasabo","Ndera","Bwiza ","Kagarama",122,1.14254844257039,1,2,1,0.0363200025438367,0.010860753368437,3.28184883150604,1177,158.954098360656,413,12.2,1939.24,1
"13977.3","Kigali","Umujyi wa Kigali","Gasabo","Ndera","Bwiza ","Kagarama",122,1.48439322222846,1,7,4,0.0363200025438367,0.010860753368437,3.28184883150604,1177,158.954098360656,414,12.2,1939.24,1
"13977.4","Kigali","Umujyi wa Kigali","Gasabo","Ndera","Bwiza ","Kagarama",122,1.06273921187579,1,5,2,0.0363200025438367,0.010860753368437,3.28184883150604,1177,158.954098360656,415,12.2,1939.24,1
"13977.5","Kigali","Umujyi wa Kigali","Gasabo","Ndera","Bwiza ","Kagarama",122,1.43177128259156,1,3,1,0.0363200025438367,0.010860753368437,3.28184883150604,1177,158.954098360656,416,12.2,1939.24,1
"13977.6","Kigali","Umujyi wa Kigali","Gasabo","Ndera","Bwiza ","Kagarama",122,1.53894621723838,1,5,5,0.0363200025438367,0.010860753368437,3.28184883150604,1177,158.954098360656,417,12.2,1939.24,1
"13977.7","Kigali","Umujyi wa Kigali","Gasabo","Ndera","Bwiza ","Kagarama",122,1.8359474128404,1,5,4,0.0363200025438367,0.010860753368437,3.28184883150604,1177,158.954098360656,418,12.2,1939.24,1
"13977.8","Kigali","Umujyi wa Kigali","Gasabo","Ndera","Bwiza ","Kagarama",122,1.6633195381885,1,3,1,0.0363200025438367,0.010860753368437,3.28184883150604,1177,158.954098360656,419,12.2,1939.24,1
"13977.9","Kigali","Umujyi wa Kigali","Gasabo","Ndera","Bwiza ","Kagarama",122,2.24902701817891,1,6,3,0.0363200025438367,0.010860753368437,3.28184883150604,1177,158.954098360656,420,12.2,1939.24,1
"13913","Kigali","Umujyi wa Kigali","Gasabo","Kimironko","Bibare","Imena",392,1.02464747460411,1,7,1,0.16677269537132,0.0673698971425192,3.3755183510853,1177,49.4704081632653,421,39.2,1939.24,1
"13913.1","Kigali","Umujyi wa Kigali","Gasabo","Kimironko","Bibare","Imena",392,0,1,6,2,0.16677269537132,0.0673698971425192,3.3755183510853,1177,49.4704081632653,422,39.2,1939.24,1
"13913.2","Kigali","Umujyi wa Kigali","Gasabo","Kimironko","Bibare","Imena",392,0.237150496437961,1,8,2,0.16677269537132,0.0673698971425192,3.3755183510853,1177,49.4704081632653,423,39.2,1939.24,1
"13913.3","Kigali","Umujyi wa Kigali","Gasabo","Kimironko","Bibare","Imena",392,1.03141400992338,1,7,4,0.16677269537132,0.0673698971425192,3.3755183510853,1177,49.4704081632653,424,39.2,1939.24,1
"13913.4","Kigali","Umujyi wa Kigali","Gasabo","Kimironko","Bibare","Imena",392,1.29077529717601,1,5,4,0.16677269537132,0.0673698971425192,3.3755183510853,1177,49.4704081632653,425,39.2,1939.24,1
"13913.5","Kigali","Umujyi wa Kigali","Gasabo","Kimironko","Bibare","Imena",392,1.32845611022885,1,7,5,0.16677269537132,0.0673698971425192,3.3755183510853,1177,49.4704081632653,426,39.2,1939.24,1
"13913.6","Kigali","Umujyi wa Kigali","Gasabo","Kimironko","Bibare","Imena",392,1.45942968464735,1,7,5,0.16677269537132,0.0673698971425192,3.3755183510853,1177,49.4704081632653,427,39.2,1939.24,1
"13913.7","Kigali","Umujyi wa Kigali","Gasabo","Kimironko","Bibare","Imena",392,0.865071742492012,1,10,6,0.16677269537132,0.0673698971425192,3.3755183510853,1177,49.4704081632653,428,39.2,1939.24,1
"13913.8","Kigali","Umujyi wa Kigali","Gasabo","Kimironko","Bibare","Imena",392,0,1,11,10,0.16677269537132,0.0673698971425192,3.3755183510853,1177,49.4704081632653,429,39.2,1939.24,1
"13913.9","Kigali","Umujyi wa Kigali","Gasabo","Kimironko","Bibare","Imena",392,0.974560675073119,1,10,6,0.16677269537132,0.0673698971425192,3.3755183510853,1177,49.4704081632653,430,39.2,1939.24,1
"13731","Kigali","Umujyi wa Kigali","Gasabo","Gatsata","Nyamabuye ","Ruvumero",150,0,0,1,1,0.127242588447144,0,3.54040910135258,1177,129.282666666667,431,15,1939.24,1
"13731.1","Kigali","Umujyi wa Kigali","Gasabo","Gatsata","Nyamabuye ","Ruvumero",150,0.0824403386831951,0,1,1,0.127242588447144,0,3.54040910135258,1177,129.282666666667,432,15,1939.24,1
"13731.2","Kigali","Umujyi wa Kigali","Gasabo","Gatsata","Nyamabuye ","Ruvumero",150,0.610018281239458,1,1,1,0.127242588447144,0,3.54040910135258,1177,129.282666666667,433,15,1939.24,1
"13731.3","Kigali","Umujyi wa Kigali","Gasabo","Gatsata","Nyamabuye ","Ruvumero",150,0.262014607870896,1,3,1,0.127242588447144,0,3.54040910135258,1177,129.282666666667,434,15,1939.24,1
"13731.4","Kigali","Umujyi wa Kigali","Gasabo","Gatsata","Nyamabuye ","Ruvumero",150,0,1,1,1,0.127242588447144,0,3.54040910135258,1177,129.282666666667,435,15,1939.24,1
"13731.5","Kigali","Umujyi wa Kigali","Gasabo","Gatsata","Nyamabuye ","Ruvumero",150,0.763952557438923,1,2,1,0.127242588447144,0,3.54040910135258,1177,129.282666666667,436,15,1939.24,1
"13731.6","Kigali","Umujyi wa Kigali","Gasabo","Gatsata","Nyamabuye ","Ruvumero",150,1.05813248636072,1,3,1,0.127242588447144,0,3.54040910135258,1177,129.282666666667,437,15,1939.24,1
"13731.7","Kigali","Umujyi wa Kigali","Gasabo","Gatsata","Nyamabuye ","Ruvumero",150,0,1,1,1,0.127242588447144,0,3.54040910135258,1177,129.282666666667,438,15,1939.24,1
"13731.8","Kigali","Umujyi wa Kigali","Gasabo","Gatsata","Nyamabuye ","Ruvumero",150,0.670333123951734,1,1,1,0.127242588447144,0,3.54040910135258,1177,129.282666666667,439,15,1939.24,1
"13731.9","Kigali","Umujyi wa Kigali","Gasabo","Gatsata","Nyamabuye ","Ruvumero",150,0.0224123563090021,1,1,1,0.127242588447144,0,3.54040910135258,1177,129.282666666667,440,15,1939.24,1
"13945","Kigali","Umujyi wa Kigali","Gasabo","Kinyinya","Gacuriro","Agatare",520,0.737098670130524,0,5,1,0.580724752054524,0.180868640349902,3.65625979843315,1177,37.2930769230769,441,52,1939.24,1
"13945.1","Kigali","Umujyi wa Kigali","Gasabo","Kinyinya","Gacuriro","Agatare",520,0,1,6,6,0.580724752054524,0.180868640349902,3.65625979843315,1177,37.2930769230769,442,52,1939.24,1
"13945.2","Kigali","Umujyi wa Kigali","Gasabo","Kinyinya","Gacuriro","Agatare",520,1.15298311289285,1,3,1,0.580724752054524,0.180868640349902,3.65625979843315,1177,37.2930769230769,443,52,1939.24,1
"13945.3","Kigali","Umujyi wa Kigali","Gasabo","Kinyinya","Gacuriro","Agatare",520,0.376918098521728,1,5,5,0.580724752054524,0.180868640349902,3.65625979843315,1177,37.2930769230769,444,52,1939.24,1
"13945.4","Kigali","Umujyi wa Kigali","Gasabo","Kinyinya","Gacuriro","Agatare",520,1.28512472536114,1,5,4,0.580724752054524,0.180868640349902,3.65625979843315,1177,37.2930769230769,445,52,1939.24,1
"13945.5","Kigali","Umujyi wa Kigali","Gasabo","Kinyinya","Gacuriro","Agatare",520,1.06302262306206,1,3,1,0.580724752054524,0.180868640349902,3.65625979843315,1177,37.2930769230769,446,52,1939.24,1
"13945.6","Kigali","Umujyi wa Kigali","Gasabo","Kinyinya","Gacuriro","Agatare",520,0.907417663802759,1,2,1,0.580724752054524,0.180868640349902,3.65625979843315,1177,37.2930769230769,447,52,1939.24,1
"13945.7","Kigali","Umujyi wa Kigali","Gasabo","Kinyinya","Gacuriro","Agatare",520,0.804574909610212,1,5,4,0.580724752054524,0.180868640349902,3.65625979843315,1177,37.2930769230769,448,52,1939.24,1
"13945.8","Kigali","Umujyi wa Kigali","Gasabo","Kinyinya","Gacuriro","Agatare",520,0.409760084449631,1,4,1,0.580724752054524,0.180868640349902,3.65625979843315,1177,37.2930769230769,449,52,1939.24,1
"13945.9","Kigali","Umujyi wa Kigali","Gasabo","Kinyinya","Gacuriro","Agatare",520,1.3833976587252,1,5,3,0.580724752054524,0.180868640349902,3.65625979843315,1177,37.2930769230769,450,52,1939.24,1
"14110","Kigali","Umujyi wa Kigali","Gasabo","Rusororo","Kinyana","Kigabiro",128,1.84811305172132,1,4,1,0,0,3.11269362027361,1177,151.503125,451,12.8,1939.24,1
"14110.1","Kigali","Umujyi wa Kigali","Gasabo","Rusororo","Kinyana","Kigabiro",128,0.874809766500948,1,3,1,0,0,3.11269362027361,1177,151.503125,452,12.8,1939.24,1
"14110.2","Kigali","Umujyi wa Kigali","Gasabo","Rusororo","Kinyana","Kigabiro",128,0.547766401326851,1,3,1,0,0,3.11269362027361,1177,151.503125,453,12.8,1939.24,1
"14110.3","Kigali","Umujyi wa Kigali","Gasabo","Rusororo","Kinyana","Kigabiro",128,1.59018243356112,1,2,1,0,0,3.11269362027361,1177,151.503125,454,12.8,1939.24,1
"14110.4","Kigali","Umujyi wa Kigali","Gasabo","Rusororo","Kinyana","Kigabiro",128,1.40360755149158,1,7,4,0,0,3.11269362027361,1177,151.503125,455,12.8,1939.24,1
"14110.5","Kigali","Umujyi wa Kigali","Gasabo","Rusororo","Kinyana","Kigabiro",128,1.23232123988635,1,6,4,0,0,3.11269362027361,1177,151.503125,456,12.8,1939.24,1
"14110.6","Kigali","Umujyi wa Kigali","Gasabo","Rusororo","Kinyana","Kigabiro",128,0.791043550704061,1,2,1,0,0,3.11269362027361,1177,151.503125,457,12.8,1939.24,1
"14110.7","Kigali","Umujyi wa Kigali","Gasabo","Rusororo","Kinyana","Kigabiro",128,0.964321413602625,1,4,2,0,0,3.11269362027361,1177,151.503125,458,12.8,1939.24,1
"14110.8","Kigali","Umujyi wa Kigali","Gasabo","Rusororo","Kinyana","Kigabiro",128,1.01121653856946,1,3,1,0,0,3.11269362027361,1177,151.503125,459,12.8,1939.24,1
"14110.9","Kigali","Umujyi wa Kigali","Gasabo","Rusororo","Kinyana","Kigabiro",128,0.14307227541789,1,6,5,0,0,3.11269362027361,1177,151.503125,460,12.8,1939.24,1
"13820","Kigali","Umujyi wa Kigali","Gasabo","Jabana","Ngiryi","Uwanyange",153,0.858355053441801,1,2,1,0,0.542764310541869,2.92664173153678,1177,126.747712418301,461,15.3,1939.24,1
"13820.1","Kigali","Umujyi wa Kigali","Gasabo","Jabana","Ngiryi","Uwanyange",153,1.92237064205563,1,6,4,0,0.542764310541869,2.92664173153678,1177,126.747712418301,462,15.3,1939.24,1
"13820.2","Kigali","Umujyi wa Kigali","Gasabo","Jabana","Ngiryi","Uwanyange",153,1.95490725012586,1,10,7,0,0.542764310541869,2.92664173153678,1177,126.747712418301,463,15.3,1939.24,1
"13820.3","Kigali","Umujyi wa Kigali","Gasabo","Jabana","Ngiryi","Uwanyange",153,0.931217841314545,1,10,9,0,0.542764310541869,2.92664173153678,1177,126.747712418301,464,15.3,1939.24,1
"13820.4","Kigali","Umujyi wa Kigali","Gasabo","Jabana","Ngiryi","Uwanyange",153,1.34570166729663,1,8,4,0,0.542764310541869,2.92664173153678,1177,126.747712418301,465,15.3,1939.24,1
"13820.5","Kigali","Umujyi wa Kigali","Gasabo","Jabana","Ngiryi","Uwanyange",153,2.02930059045452,1,4,4,0,0.542764310541869,2.92664173153678,1177,126.747712418301,466,15.3,1939.24,1
"13820.6","Kigali","Umujyi wa Kigali","Gasabo","Jabana","Ngiryi","Uwanyange",153,1.1931510327022,1,2,1,0,0.542764310541869,2.92664173153678,1177,126.747712418301,467,15.3,1939.24,1
"13820.7","Kigali","Umujyi wa Kigali","Gasabo","Jabana","Ngiryi","Uwanyange",153,1.57345229694626,1,3,1,0,0.542764310541869,2.92664173153678,1177,126.747712418301,468,15.3,1939.24,1
"13820.8","Kigali","Umujyi wa Kigali","Gasabo","Jabana","Ngiryi","Uwanyange",153,1.40333921784296,1,9,7,0,0.542764310541869,2.92664173153678,1177,126.747712418301,469,15.3,1939.24,1
"13820.9","Kigali","Umujyi wa Kigali","Gasabo","Jabana","Ngiryi","Uwanyange",153,0.664373309823033,1,8,4,0,0.542764310541869,2.92664173153678,1177,126.747712418301,470,15.3,1939.24,1
"14628","Kigali","Umujyi wa Kigali","Nyarugenge","Kimisagara","Kimisagara","Amahoro",300,0.234819041477612,1,2,1,0.342902802783996,0,3.2523385307637,1177,64.6413333333333,471,30,1939.24,1
"14628.1","Kigali","Umujyi wa Kigali","Nyarugenge","Kimisagara","Kimisagara","Amahoro",300,1.38665058890349,1,3,2,0.342902802783996,0,3.2523385307637,1177,64.6413333333333,472,30,1939.24,1
"14628.2","Kigali","Umujyi wa Kigali","Nyarugenge","Kimisagara","Kimisagara","Amahoro",300,0.28191438724258,1,1,1,0.342902802783996,0,3.2523385307637,1177,64.6413333333333,473,30,1939.24,1
"14628.3","Kigali","Umujyi wa Kigali","Nyarugenge","Kimisagara","Kimisagara","Amahoro",300,0.438592807931311,1,1,1,0.342902802783996,0,3.2523385307637,1177,64.6413333333333,474,30,1939.24,1
"14628.4","Kigali","Umujyi wa Kigali","Nyarugenge","Kimisagara","Kimisagara","Amahoro",300,0.603428391898342,1,2,1,0.342902802783996,0,3.2523385307637,1177,64.6413333333333,475,30,1939.24,1
"14628.5","Kigali","Umujyi wa Kigali","Nyarugenge","Kimisagara","Kimisagara","Amahoro",300,1.381927438272,1,5,4,0.342902802783996,0,3.2523385307637,1177,64.6413333333333,476,30,1939.24,1
"14628.6","Kigali","Umujyi wa Kigali","Nyarugenge","Kimisagara","Kimisagara","Amahoro",300,0.837054192995226,1,7,1,0.342902802783996,0,3.2523385307637,1177,64.6413333333333,477,30,1939.24,1
"14628.7","Kigali","Umujyi wa Kigali","Nyarugenge","Kimisagara","Kimisagara","Amahoro",300,0.907399075682137,1,3,1,0.342902802783996,0,3.2523385307637,1177,64.6413333333333,478,30,1939.24,1
"14628.8","Kigali","Umujyi wa Kigali","Nyarugenge","Kimisagara","Kimisagara","Amahoro",300,0.641025091199396,1,7,1,0.342902802783996,0,3.2523385307637,1177,64.6413333333333,479,30,1939.24,1
"14628.9","Kigali","Umujyi wa Kigali","Nyarugenge","Kimisagara","Kimisagara","Amahoro",300,0.911318733868829,1,3,1,0.342902802783996,0,3.2523385307637,1177,64.6413333333333,480,30,1939.24,1
"14294","Kigali","Umujyi wa Kigali","Kicukiro","Kanombe","Karama","Nyabyunyu",90,1.36912327932858,1,5,3,0.437167845980246,0.266399495967442,3.50307454830624,1177,215.471111111111,481,9,1939.24,1
"14294.1","Kigali","Umujyi wa Kigali","Kicukiro","Kanombe","Karama","Nyabyunyu",90,0.712498412543652,1,2,1,0.437167845980246,0.266399495967442,3.50307454830624,1177,215.471111111111,482,9,1939.24,1
"14294.2","Kigali","Umujyi wa Kigali","Kicukiro","Kanombe","Karama","Nyabyunyu",90,0.697785436944457,1,3,1,0.437167845980246,0.266399495967442,3.50307454830624,1177,215.471111111111,483,9,1939.24,1
"14294.3","Kigali","Umujyi wa Kigali","Kicukiro","Kanombe","Karama","Nyabyunyu",90,0,1,4,1,0.437167845980246,0.266399495967442,3.50307454830624,1177,215.471111111111,484,9,1939.24,1
"14294.4","Kigali","Umujyi wa Kigali","Kicukiro","Kanombe","Karama","Nyabyunyu",90,0.359702172954854,1,4,1,0.437167845980246,0.266399495967442,3.50307454830624,1177,215.471111111111,485,9,1939.24,1
"14294.5","Kigali","Umujyi wa Kigali","Kicukiro","Kanombe","Karama","Nyabyunyu",90,1.2415695688509,1,4,1,0.437167845980246,0.266399495967442,3.50307454830624,1177,215.471111111111,486,9,1939.24,1
"14294.6","Kigali","Umujyi wa Kigali","Kicukiro","Kanombe","Karama","Nyabyunyu",90,0.0934686189312119,1,4,2,0.437167845980246,0.266399495967442,3.50307454830624,1177,215.471111111111,487,9,1939.24,1
"14294.7","Kigali","Umujyi wa Kigali","Kicukiro","Kanombe","Karama","Nyabyunyu",90,0.427133518009172,1,6,2,0.437167845980246,0.266399495967442,3.50307454830624,1177,215.471111111111,488,9,1939.24,1
"14294.8","Kigali","Umujyi wa Kigali","Kicukiro","Kanombe","Karama","Nyabyunyu",90,0.378019340669958,1,4,1,0.437167845980246,0.266399495967442,3.50307454830624,1177,215.471111111111,489,9,1939.24,1
"14294.9","Kigali","Umujyi wa Kigali","Kicukiro","Kanombe","Karama","Nyabyunyu",90,0.310754625270311,1,3,1,0.437167845980246,0.266399495967442,3.50307454830624,1177,215.471111111111,490,9,1939.24,1
"14832","Kigali","Umujyi wa Kigali","Nyarugenge","Rwezamenyo","Rwezamenyo I","Indatwa",303,1.59968693554538,1,5,4,0,0,3.2741552927897,1177,64.0013201320132,491,30.3,1939.24,1
"14832.1","Kigali","Umujyi wa Kigali","Nyarugenge","Rwezamenyo","Rwezamenyo I","Indatwa",303,0.708485557491549,1,1,1,0,0,3.2741552927897,1177,64.0013201320132,492,30.3,1939.24,1
"14832.2","Kigali","Umujyi wa Kigali","Nyarugenge","Rwezamenyo","Rwezamenyo I","Indatwa",303,1.48792357000161,1,1,1,0,0,3.2741552927897,1177,64.0013201320132,493,30.3,1939.24,1
"14832.3","Kigali","Umujyi wa Kigali","Nyarugenge","Rwezamenyo","Rwezamenyo I","Indatwa",303,0.940757852591847,1,1,1,0,0,3.2741552927897,1177,64.0013201320132,494,30.3,1939.24,1
"14832.4","Kigali","Umujyi wa Kigali","Nyarugenge","Rwezamenyo","Rwezamenyo I","Indatwa",303,1.00365668782368,1,4,1,0,0,3.2741552927897,1177,64.0013201320132,495,30.3,1939.24,1
"14832.5","Kigali","Umujyi wa Kigali","Nyarugenge","Rwezamenyo","Rwezamenyo I","Indatwa",303,1.02454756780481,1,2,1,0,0,3.2741552927897,1177,64.0013201320132,496,30.3,1939.24,1
"14832.6","Kigali","Umujyi wa Kigali","Nyarugenge","Rwezamenyo","Rwezamenyo I","Indatwa",303,0.223326186630428,1,1,1,0,0,3.2741552927897,1177,64.0013201320132,497,30.3,1939.24,1
"14832.7","Kigali","Umujyi wa Kigali","Nyarugenge","Rwezamenyo","Rwezamenyo I","Indatwa",303,1.00609137295064,1,3,1,0,0,3.2741552927897,1177,64.0013201320132,498,30.3,1939.24,1
"14832.8","Kigali","Umujyi wa Kigali","Nyarugenge","Rwezamenyo","Rwezamenyo I","Indatwa",303,1.01464895590112,1,4,1,0,0,3.2741552927897,1177,64.0013201320132,499,30.3,1939.24,1
"14832.9","Kigali","Umujyi wa Kigali","Nyarugenge","Rwezamenyo","Rwezamenyo I","Indatwa",303,1.45057129856045,1,3,1,0,0,3.2741552927897,1177,64.0013201320132,500,30.3,1939.24,1
