"Prov.Name","Province","District","Secteur","Cellule","Village","HH","Dist.Water","Vaccinated","HH.Size","HH.Size.Adult","Prim.School.M","Prim.School.F","Birth.Weight","Strat.Size","Weight.1st","HH.ID","Weight.2st","Weight","ones"
"North","Amajyaruguru","Musanze","Nyange","Cyivugiza","Kageshi",105,2.77802030687483,1,3,1,0.030848871837281,0.155702020552448,2.76875813029851,2741,333.491428571429,1,10.5,3501.66,1
"North","Amajyaruguru","Musanze","Nyange","Cyivugiza","Kageshi",105,3.33749660215357,1,2,1,0.030848871837281,0.155702020552448,2.76875813029851,2741,333.491428571429,2,10.5,3501.66,1
"North","Amajyaruguru","Musanze","Nyange","Cyivugiza","Kageshi",105,2.98550792036771,1,3,2,0.030848871837281,0.155702020552448,2.76875813029851,2741,333.491428571429,3,10.5,3501.66,1
"North","Amajyaruguru","Musanze","Nyange","Cyivugiza","Kageshi",105,2.70140861330931,1,3,1,0.030848871837281,0.155702020552448,2.76875813029851,2741,333.491428571429,4,10.5,3501.66,1
"North","Amajyaruguru","Musanze","Nyange","Cyivugiza","Kageshi",105,3.83913481201099,1,4,2,0.030848871837281,0.155702020552448,2.76875813029851,2741,333.491428571429,5,10.5,3501.66,1
"North","Amajyaruguru","Musanze","Nyange","Cyivugiza","Kageshi",105,3.14864615686348,1,4,1,0.030848871837281,0.155702020552448,2.76875813029851,2741,333.491428571429,6,10.5,3501.66,1
"North","Amajyaruguru","Musanze","Nyange","Cyivugiza","Kageshi",105,3.70067213406235,1,1,1,0.030848871837281,0.155702020552448,2.76875813029851,2741,333.491428571429,7,10.5,3501.66,1
"North","Amajyaruguru","Musanze","Nyange","Cyivugiza","Kageshi",105,2.69444860462016,1,3,2,0.030848871837281,0.155702020552448,2.76875813029851,2741,333.491428571429,8,10.5,3501.66,1
"North","Amajyaruguru","Musanze","Nyange","Cyivugiza","Kageshi",105,4.12917083682721,1,4,3,0.030848871837281,0.155702020552448,2.76875813029851,2741,333.491428571429,9,10.5,3501.66,1
"North","Amajyaruguru","Musanze","Nyange","Cyivugiza","Kageshi",105,3.4277554824793,1,4,1,0.030848871837281,0.155702020552448,2.76875813029851,2741,333.491428571429,10,10.5,3501.66,1
"North","Amajyaruguru","Gakenke","Muhondo ","Gasiza ","Gahinga ",63,3.73275897941685,1,1,1,0.13110987824885,0.0596433862469019,2.57068287950798,2741,555.819047619048,11,6.3,3501.66,1
"North","Amajyaruguru","Gakenke","Muhondo ","Gasiza ","Gahinga ",63,2.57281608555987,1,5,2,0.13110987824885,0.0596433862469019,2.57068287950798,2741,555.819047619048,12,6.3,3501.66,1
"North","Amajyaruguru","Gakenke","Muhondo ","Gasiza ","Gahinga ",63,2.83322393991417,1,3,3,0.13110987824885,0.0596433862469019,2.57068287950798,2741,555.819047619048,13,6.3,3501.66,1
"North","Amajyaruguru","Gakenke","Muhondo ","Gasiza ","Gahinga ",63,2.59136306758718,1,1,1,0.13110987824885,0.0596433862469019,2.57068287950798,2741,555.819047619048,14,6.3,3501.66,1
"North","Amajyaruguru","Gakenke","Muhondo ","Gasiza ","Gahinga ",63,2.8691839684304,1,1,1,0.13110987824885,0.0596433862469019,2.57068287950798,2741,555.819047619048,15,6.3,3501.66,1
"North","Amajyaruguru","Gakenke","Muhondo ","Gasiza ","Gahinga ",63,3.87856006696975,1,5,4,0.13110987824885,0.0596433862469019,2.57068287950798,2741,555.819047619048,16,6.3,3501.66,1
"North","Amajyaruguru","Gakenke","Muhondo ","Gasiza ","Gahinga ",63,2.52821960478802,1,3,1,0.13110987824885,0.0596433862469019,2.57068287950798,2741,555.819047619048,17,6.3,3501.66,1
"North","Amajyaruguru","Gakenke","Muhondo ","Gasiza ","Gahinga ",63,1.82755653006219,1,2,1,0.13110987824885,0.0596433862469019,2.57068287950798,2741,555.819047619048,18,6.3,3501.66,1
"North","Amajyaruguru","Gakenke","Muhondo ","Gasiza ","Gahinga ",63,3.25927135544834,1,2,1,0.13110987824885,0.0596433862469019,2.57068287950798,2741,555.819047619048,19,6.3,3501.66,1
"North","Amajyaruguru","Gakenke","Muhondo ","Gasiza ","Gahinga ",63,2.8398559538529,1,8,3,0.13110987824885,0.0596433862469019,2.57068287950798,2741,555.819047619048,20,6.3,3501.66,1
"North","Amajyaruguru","Gakenke","Rushashi ","Joma ","Nyagasozi ",202,2.14394136160134,1,9,7,0.0744310565695398,0.066646770646669,2.93364126186404,2741,173.349504950495,21,20.2,3501.66,1
"North","Amajyaruguru","Gakenke","Rushashi ","Joma ","Nyagasozi ",202,1.64452431090737,1,4,2,0.0744310565695398,0.066646770646669,2.93364126186404,2741,173.349504950495,22,20.2,3501.66,1
"North","Amajyaruguru","Gakenke","Rushashi ","Joma ","Nyagasozi ",202,2.43504079001008,1,4,2,0.0744310565695398,0.066646770646669,2.93364126186404,2741,173.349504950495,23,20.2,3501.66,1
"North","Amajyaruguru","Gakenke","Rushashi ","Joma ","Nyagasozi ",202,2.77289787888555,1,10,9,0.0744310565695398,0.066646770646669,2.93364126186404,2741,173.349504950495,24,20.2,3501.66,1
"North","Amajyaruguru","Gakenke","Rushashi ","Joma ","Nyagasozi ",202,2.03054800994968,1,6,4,0.0744310565695398,0.066646770646669,2.93364126186404,2741,173.349504950495,25,20.2,3501.66,1
"North","Amajyaruguru","Gakenke","Rushashi ","Joma ","Nyagasozi ",202,1.99154821498686,1,8,5,0.0744310565695398,0.066646770646669,2.93364126186404,2741,173.349504950495,26,20.2,3501.66,1
"North","Amajyaruguru","Gakenke","Rushashi ","Joma ","Nyagasozi ",202,2.70651223231791,1,9,9,0.0744310565695398,0.066646770646669,2.93364126186404,2741,173.349504950495,27,20.2,3501.66,1
"North","Amajyaruguru","Gakenke","Rushashi ","Joma ","Nyagasozi ",202,2.8729142346886,1,9,5,0.0744310565695398,0.066646770646669,2.93364126186404,2741,173.349504950495,28,20.2,3501.66,1
"North","Amajyaruguru","Gakenke","Rushashi ","Joma ","Nyagasozi ",202,2.50021861145528,1,5,3,0.0744310565695398,0.066646770646669,2.93364126186404,2741,173.349504950495,29,20.2,3501.66,1
"North","Amajyaruguru","Gakenke","Rushashi ","Joma ","Nyagasozi ",202,2.07356369980426,1,5,2,0.0744310565695398,0.066646770646669,2.93364126186404,2741,173.349504950495,30,20.2,3501.66,1
"North","Amajyaruguru","Rulindo","SHYORONGI","MUVUMU","KIVILI",110,1.24909842125717,1,5,4,0.0983220199618356,0.0356946426576507,2.79245347610726,2741,318.332727272727,31,11,3501.66,1
"North","Amajyaruguru","Rulindo","SHYORONGI","MUVUMU","KIVILI",110,2.17021543010325,1,3,1,0.0983220199618356,0.0356946426576507,2.79245347610726,2741,318.332727272727,32,11,3501.66,1
"North","Amajyaruguru","Rulindo","SHYORONGI","MUVUMU","KIVILI",110,1.79482885775042,1,4,2,0.0983220199618356,0.0356946426576507,2.79245347610726,2741,318.332727272727,33,11,3501.66,1
"North","Amajyaruguru","Rulindo","SHYORONGI","MUVUMU","KIVILI",110,1.76526461981497,1,3,3,0.0983220199618356,0.0356946426576507,2.79245347610726,2741,318.332727272727,34,11,3501.66,1
"North","Amajyaruguru","Rulindo","SHYORONGI","MUVUMU","KIVILI",110,1.80340412406764,0,3,1,0.0983220199618356,0.0356946426576507,2.79245347610726,2741,318.332727272727,35,11,3501.66,1
"North","Amajyaruguru","Rulindo","SHYORONGI","MUVUMU","KIVILI",110,2.12526002810181,1,7,4,0.0983220199618356,0.0356946426576507,2.79245347610726,2741,318.332727272727,36,11,3501.66,1
"North","Amajyaruguru","Rulindo","SHYORONGI","MUVUMU","KIVILI",110,1.19331157275844,1,5,1,0.0983220199618356,0.0356946426576507,2.79245347610726,2741,318.332727272727,37,11,3501.66,1
"North","Amajyaruguru","Rulindo","SHYORONGI","MUVUMU","KIVILI",110,1.45521833920548,1,3,1,0.0983220199618356,0.0356946426576507,2.79245347610726,2741,318.332727272727,38,11,3501.66,1
"North","Amajyaruguru","Rulindo","SHYORONGI","MUVUMU","KIVILI",110,1.36553149688009,1,3,2,0.0983220199618356,0.0356946426576507,2.79245347610726,2741,318.332727272727,39,11,3501.66,1
"North","Amajyaruguru","Rulindo","SHYORONGI","MUVUMU","KIVILI",110,2.04788592777917,1,7,5,0.0983220199618356,0.0356946426576507,2.79245347610726,2741,318.332727272727,40,11,3501.66,1
"North","Amajyaruguru","Gicumbi","Rukomo","Cyeya","Gateke",137,1.17800686191534,1,3,1,0.0888302616750495,0.182945842844404,3.86506962984648,2741,255.595620437956,41,13.7,3501.66,1
"North","Amajyaruguru","Gicumbi","Rukomo","Cyeya","Gateke",137,2.33700673586796,1,5,2,0.0888302616750495,0.182945842844404,3.86506962984648,2741,255.595620437956,42,13.7,3501.66,1
"North","Amajyaruguru","Gicumbi","Rukomo","Cyeya","Gateke",137,1.0661203192424,1,3,1,0.0888302616750495,0.182945842844404,3.86506962984648,2741,255.595620437956,43,13.7,3501.66,1
"North","Amajyaruguru","Gicumbi","Rukomo","Cyeya","Gateke",137,2.2472537502871,1,1,1,0.0888302616750495,0.182945842844404,3.86506962984648,2741,255.595620437956,44,13.7,3501.66,1
"North","Amajyaruguru","Gicumbi","Rukomo","Cyeya","Gateke",137,2.31668110598498,0,6,4,0.0888302616750495,0.182945842844404,3.86506962984648,2741,255.595620437956,45,13.7,3501.66,1
"North","Amajyaruguru","Gicumbi","Rukomo","Cyeya","Gateke",137,2.46845475183156,1,1,1,0.0888302616750495,0.182945842844404,3.86506962984648,2741,255.595620437956,46,13.7,3501.66,1
"North","Amajyaruguru","Gicumbi","Rukomo","Cyeya","Gateke",137,1.2127198193615,1,2,1,0.0888302616750495,0.182945842844404,3.86506962984648,2741,255.595620437956,47,13.7,3501.66,1
"North","Amajyaruguru","Gicumbi","Rukomo","Cyeya","Gateke",137,1.89211071718559,1,3,1,0.0888302616750495,0.182945842844404,3.86506962984648,2741,255.595620437956,48,13.7,3501.66,1
"North","Amajyaruguru","Gicumbi","Rukomo","Cyeya","Gateke",137,1.10781358933756,1,2,1,0.0888302616750495,0.182945842844404,3.86506962984648,2741,255.595620437956,49,13.7,3501.66,1
"North","Amajyaruguru","Gicumbi","Rukomo","Cyeya","Gateke",137,1.74457521079713,1,3,1,0.0888302616750495,0.182945842844404,3.86506962984648,2741,255.595620437956,50,13.7,3501.66,1
"North","Amajyaruguru","Musanze","Kimonyi","Buramira","Kagwene",217,2.50394181466891,1,6,5,0.135596988826841,0.0235235680750605,2.69989603143547,2741,161.366820276498,51,21.7,3501.66,1
"North","Amajyaruguru","Musanze","Kimonyi","Buramira","Kagwene",217,2.14876273918415,1,7,5,0.135596988826841,0.0235235680750605,2.69989603143547,2741,161.366820276498,52,21.7,3501.66,1
"North","Amajyaruguru","Musanze","Kimonyi","Buramira","Kagwene",217,2.21564281713836,1,3,1,0.135596988826841,0.0235235680750605,2.69989603143547,2741,161.366820276498,53,21.7,3501.66,1
"North","Amajyaruguru","Musanze","Kimonyi","Buramira","Kagwene",217,2.40798741405641,1,7,4,0.135596988826841,0.0235235680750605,2.69989603143547,2741,161.366820276498,54,21.7,3501.66,1
"North","Amajyaruguru","Musanze","Kimonyi","Buramira","Kagwene",217,2.93995519572222,1,4,1,0.135596988826841,0.0235235680750605,2.69989603143547,2741,161.366820276498,55,21.7,3501.66,1
"North","Amajyaruguru","Musanze","Kimonyi","Buramira","Kagwene",217,2.07765820792363,1,6,1,0.135596988826841,0.0235235680750605,2.69989603143547,2741,161.366820276498,56,21.7,3501.66,1
"North","Amajyaruguru","Musanze","Kimonyi","Buramira","Kagwene",217,3.81380571339534,1,3,1,0.135596988826841,0.0235235680750605,2.69989603143547,2741,161.366820276498,57,21.7,3501.66,1
"North","Amajyaruguru","Musanze","Kimonyi","Buramira","Kagwene",217,1.67801437151956,1,3,3,0.135596988826841,0.0235235680750605,2.69989603143547,2741,161.366820276498,58,21.7,3501.66,1
"North","Amajyaruguru","Musanze","Kimonyi","Buramira","Kagwene",217,2.35435007154375,1,4,1,0.135596988826841,0.0235235680750605,2.69989603143547,2741,161.366820276498,59,21.7,3501.66,1
"North","Amajyaruguru","Musanze","Kimonyi","Buramira","Kagwene",217,3.00822340744993,1,3,1,0.135596988826841,0.0235235680750605,2.69989603143547,2741,161.366820276498,60,21.7,3501.66,1
"North","Amajyaruguru","Musanze","Gacaca","Gasakuza","Gataba",120,3.27782043696589,1,1,1,0.122878235589914,0.0670276840531354,3.17578241905073,2741,291.805,61,12,3501.66,1
"North","Amajyaruguru","Musanze","Gacaca","Gasakuza","Gataba",120,3.66867436206388,1,3,1,0.122878235589914,0.0670276840531354,3.17578241905073,2741,291.805,62,12,3501.66,1
"North","Amajyaruguru","Musanze","Gacaca","Gasakuza","Gataba",120,2.99015218403887,1,3,1,0.122878235589914,0.0670276840531354,3.17578241905073,2741,291.805,63,12,3501.66,1
"North","Amajyaruguru","Musanze","Gacaca","Gasakuza","Gataba",120,3.11529889541158,1,2,1,0.122878235589914,0.0670276840531354,3.17578241905073,2741,291.805,64,12,3501.66,1
"North","Amajyaruguru","Musanze","Gacaca","Gasakuza","Gataba",120,2.62416667897593,1,1,1,0.122878235589914,0.0670276840531354,3.17578241905073,2741,291.805,65,12,3501.66,1
"North","Amajyaruguru","Musanze","Gacaca","Gasakuza","Gataba",120,3.61263315340844,0,3,2,0.122878235589914,0.0670276840531354,3.17578241905073,2741,291.805,66,12,3501.66,1
"North","Amajyaruguru","Musanze","Gacaca","Gasakuza","Gataba",120,2.59809635083246,1,4,1,0.122878235589914,0.0670276840531354,3.17578241905073,2741,291.805,67,12,3501.66,1
"North","Amajyaruguru","Musanze","Gacaca","Gasakuza","Gataba",120,2.8951879394902,1,3,1,0.122878235589914,0.0670276840531354,3.17578241905073,2741,291.805,68,12,3501.66,1
"North","Amajyaruguru","Musanze","Gacaca","Gasakuza","Gataba",120,2.17436604704634,1,2,1,0.122878235589914,0.0670276840531354,3.17578241905073,2741,291.805,69,12,3501.66,1
"North","Amajyaruguru","Musanze","Gacaca","Gasakuza","Gataba",120,2.84684504320609,1,1,1,0.122878235589914,0.0670276840531354,3.17578241905073,2741,291.805,70,12,3501.66,1
"North","Amajyaruguru","Rulindo","KINIHIRA","KAREGAMAZI","NTUNGURU",145,3.11194366188289,1,4,2,0.090724849949485,0.031513207278285,3.02712032160439,2741,241.493793103448,71,14.5,3501.66,1
"North","Amajyaruguru","Rulindo","KINIHIRA","KAREGAMAZI","NTUNGURU",145,2.80379439250003,1,4,1,0.090724849949485,0.031513207278285,3.02712032160439,2741,241.493793103448,72,14.5,3501.66,1
"North","Amajyaruguru","Rulindo","KINIHIRA","KAREGAMAZI","NTUNGURU",145,1.41030984933625,1,2,1,0.090724849949485,0.031513207278285,3.02712032160439,2741,241.493793103448,73,14.5,3501.66,1
"North","Amajyaruguru","Rulindo","KINIHIRA","KAREGAMAZI","NTUNGURU",145,2.76819606493397,1,6,1,0.090724849949485,0.031513207278285,3.02712032160439,2741,241.493793103448,74,14.5,3501.66,1
"North","Amajyaruguru","Rulindo","KINIHIRA","KAREGAMAZI","NTUNGURU",145,2.32686767912235,1,1,1,0.090724849949485,0.031513207278285,3.02712032160439,2741,241.493793103448,75,14.5,3501.66,1
"North","Amajyaruguru","Rulindo","KINIHIRA","KAREGAMAZI","NTUNGURU",145,2.9834187313078,1,4,3,0.090724849949485,0.031513207278285,3.02712032160439,2741,241.493793103448,76,14.5,3501.66,1
"North","Amajyaruguru","Rulindo","KINIHIRA","KAREGAMAZI","NTUNGURU",145,3.0366905311751,1,3,1,0.090724849949485,0.031513207278285,3.02712032160439,2741,241.493793103448,77,14.5,3501.66,1
"North","Amajyaruguru","Rulindo","KINIHIRA","KAREGAMAZI","NTUNGURU",145,1.66931004545089,1,2,1,0.090724849949485,0.031513207278285,3.02712032160439,2741,241.493793103448,78,14.5,3501.66,1
"North","Amajyaruguru","Rulindo","KINIHIRA","KAREGAMAZI","NTUNGURU",145,1.79137177616462,1,6,5,0.090724849949485,0.031513207278285,3.02712032160439,2741,241.493793103448,79,14.5,3501.66,1
"North","Amajyaruguru","Rulindo","KINIHIRA","KAREGAMAZI","NTUNGURU",145,1.57849221682815,1,1,1,0.090724849949485,0.031513207278285,3.02712032160439,2741,241.493793103448,80,14.5,3501.66,1
"North","Amajyaruguru","Rulindo","KINIHIRA","BUTUNZI","GISEKURU",115,1.30012498156372,0,5,1,0.184161465083322,0.117898374088625,3.08628186952731,2741,304.492173913043,81,11.5,3501.66,1
"North","Amajyaruguru","Rulindo","KINIHIRA","BUTUNZI","GISEKURU",115,1.1908359998338,1,4,1,0.184161465083322,0.117898374088625,3.08628186952731,2741,304.492173913043,82,11.5,3501.66,1
"North","Amajyaruguru","Rulindo","KINIHIRA","BUTUNZI","GISEKURU",115,1.35932133353743,0,3,1,0.184161465083322,0.117898374088625,3.08628186952731,2741,304.492173913043,83,11.5,3501.66,1
"North","Amajyaruguru","Rulindo","KINIHIRA","BUTUNZI","GISEKURU",115,1.29632815809849,1,3,3,0.184161465083322,0.117898374088625,3.08628186952731,2741,304.492173913043,84,11.5,3501.66,1
"North","Amajyaruguru","Rulindo","KINIHIRA","BUTUNZI","GISEKURU",115,1.16979527254885,1,2,1,0.184161465083322,0.117898374088625,3.08628186952731,2741,304.492173913043,85,11.5,3501.66,1
"North","Amajyaruguru","Rulindo","KINIHIRA","BUTUNZI","GISEKURU",115,0.904607769948353,1,4,1,0.184161465083322,0.117898374088625,3.08628186952731,2741,304.492173913043,86,11.5,3501.66,1
"North","Amajyaruguru","Rulindo","KINIHIRA","BUTUNZI","GISEKURU",115,0.058162395713343,1,5,3,0.184161465083322,0.117898374088625,3.08628186952731,2741,304.492173913043,87,11.5,3501.66,1
"North","Amajyaruguru","Rulindo","KINIHIRA","BUTUNZI","GISEKURU",115,1.42403803639059,1,5,1,0.184161465083322,0.117898374088625,3.08628186952731,2741,304.492173913043,88,11.5,3501.66,1
"North","Amajyaruguru","Rulindo","KINIHIRA","BUTUNZI","GISEKURU",115,1.11482656351576,0,4,1,0.184161465083322,0.117898374088625,3.08628186952731,2741,304.492173913043,89,11.5,3501.66,1
"North","Amajyaruguru","Rulindo","KINIHIRA","BUTUNZI","GISEKURU",115,1.3749589737743,1,6,4,0.184161465083322,0.117898374088625,3.08628186952731,2741,304.492173913043,90,11.5,3501.66,1
"North","Amajyaruguru","Gakenke","Muyongwe ","Karyango ","Mahaha ",94,1.52503368206489,1,6,1,0.0675965280462681,0.118956544825325,3.10922137039368,2741,372.517021276596,91,9.4,3501.66,1
"North","Amajyaruguru","Gakenke","Muyongwe ","Karyango ","Mahaha ",94,2.16573130732459,1,10,9,0.0675965280462681,0.118956544825325,3.10922137039368,2741,372.517021276596,92,9.4,3501.66,1
"North","Amajyaruguru","Gakenke","Muyongwe ","Karyango ","Mahaha ",94,3.15212305713661,1,3,1,0.0675965280462681,0.118956544825325,3.10922137039368,2741,372.517021276596,93,9.4,3501.66,1
"North","Amajyaruguru","Gakenke","Muyongwe ","Karyango ","Mahaha ",94,1.98089637946735,1,7,2,0.0675965280462681,0.118956544825325,3.10922137039368,2741,372.517021276596,94,9.4,3501.66,1
"North","Amajyaruguru","Gakenke","Muyongwe ","Karyango ","Mahaha ",94,1.75781809402551,1,4,3,0.0675965280462681,0.118956544825325,3.10922137039368,2741,372.517021276596,95,9.4,3501.66,1
"North","Amajyaruguru","Gakenke","Muyongwe ","Karyango ","Mahaha ",94,1.98239904820258,1,11,9,0.0675965280462681,0.118956544825325,3.10922137039368,2741,372.517021276596,96,9.4,3501.66,1
"North","Amajyaruguru","Gakenke","Muyongwe ","Karyango ","Mahaha ",94,2.0053381058463,1,6,2,0.0675965280462681,0.118956544825325,3.10922137039368,2741,372.517021276596,97,9.4,3501.66,1
"North","Amajyaruguru","Gakenke","Muyongwe ","Karyango ","Mahaha ",94,2.27507805086226,1,11,10,0.0675965280462681,0.118956544825325,3.10922137039368,2741,372.517021276596,98,9.4,3501.66,1
"North","Amajyaruguru","Gakenke","Muyongwe ","Karyango ","Mahaha ",94,2.8104172945563,1,10,6,0.0675965280462681,0.118956544825325,3.10922137039368,2741,372.517021276596,99,9.4,3501.66,1
"North","Amajyaruguru","Gakenke","Muyongwe ","Karyango ","Mahaha ",94,1.65393283351409,1,4,3,0.0675965280462681,0.118956544825325,3.10922137039368,2741,372.517021276596,100,9.4,3501.66,1
"South","Amajyepfo","Nyanza","Busasamana","Gahondo","Kibaga",122,0.720765965278594,1,1,1,0.190202357959153,0.117447463999744,2.90075295126255,3512,403.796721311475,101,12.2,4926.32,1
"South","Amajyepfo","Nyanza","Busasamana","Gahondo","Kibaga",122,2.14768732043175,1,3,1,0.190202357959153,0.117447463999744,2.90075295126255,3512,403.796721311475,102,12.2,4926.32,1
"South","Amajyepfo","Nyanza","Busasamana","Gahondo","Kibaga",122,0.901244237069631,1,4,1,0.190202357959153,0.117447463999744,2.90075295126255,3512,403.796721311475,103,12.2,4926.32,1
"South","Amajyepfo","Nyanza","Busasamana","Gahondo","Kibaga",122,1.3633233631082,1,4,1,0.190202357959153,0.117447463999744,2.90075295126255,3512,403.796721311475,104,12.2,4926.32,1
"South","Amajyepfo","Nyanza","Busasamana","Gahondo","Kibaga",122,1.43604574379183,1,5,3,0.190202357959153,0.117447463999744,2.90075295126255,3512,403.796721311475,105,12.2,4926.32,1
"South","Amajyepfo","Nyanza","Busasamana","Gahondo","Kibaga",122,1.17882709562354,1,3,2,0.190202357959153,0.117447463999744,2.90075295126255,3512,403.796721311475,106,12.2,4926.32,1
"South","Amajyepfo","Nyanza","Busasamana","Gahondo","Kibaga",122,1.35103145059983,1,1,1,0.190202357959153,0.117447463999744,2.90075295126255,3512,403.796721311475,107,12.2,4926.32,1
"South","Amajyepfo","Nyanza","Busasamana","Gahondo","Kibaga",122,1.37975547415499,1,3,1,0.190202357959153,0.117447463999744,2.90075295126255,3512,403.796721311475,108,12.2,4926.32,1
"South","Amajyepfo","Nyanza","Busasamana","Gahondo","Kibaga",122,1.2812509789059,1,3,1,0.190202357959153,0.117447463999744,2.90075295126255,3512,403.796721311475,109,12.2,4926.32,1
"South","Amajyepfo","Nyanza","Busasamana","Gahondo","Kibaga",122,1.71081651976771,0,2,1,0.190202357959153,0.117447463999744,2.90075295126255,3512,403.796721311475,110,12.2,4926.32,1
"South","Amajyepfo","Nyaruguru","Rusenge","Raranzige","Karimba",155,0.389667114882689,1,6,3,0.169025447503916,0.0891955091684508,3.36734193291962,3512,317.827096774194,111,15.5,4926.32,1
"South","Amajyepfo","Nyaruguru","Rusenge","Raranzige","Karimba",155,1.60026062402905,1,3,2,0.169025447503916,0.0891955091684508,3.36734193291962,3512,317.827096774194,112,15.5,4926.32,1
"South","Amajyepfo","Nyaruguru","Rusenge","Raranzige","Karimba",155,0.601714308024862,1,6,4,0.169025447503916,0.0891955091684508,3.36734193291962,3512,317.827096774194,113,15.5,4926.32,1
"South","Amajyepfo","Nyaruguru","Rusenge","Raranzige","Karimba",155,1.11082805927826,1,5,1,0.169025447503916,0.0891955091684508,3.36734193291962,3512,317.827096774194,114,15.5,4926.32,1
"South","Amajyepfo","Nyaruguru","Rusenge","Raranzige","Karimba",155,0.288544927003597,1,8,5,0.169025447503916,0.0891955091684508,3.36734193291962,3512,317.827096774194,115,15.5,4926.32,1
"South","Amajyepfo","Nyaruguru","Rusenge","Raranzige","Karimba",155,1.39189870152168,0,4,1,0.169025447503916,0.0891955091684508,3.36734193291962,3512,317.827096774194,116,15.5,4926.32,1
"South","Amajyepfo","Nyaruguru","Rusenge","Raranzige","Karimba",155,0.733816639765081,1,5,1,0.169025447503916,0.0891955091684508,3.36734193291962,3512,317.827096774194,117,15.5,4926.32,1
"South","Amajyepfo","Nyaruguru","Rusenge","Raranzige","Karimba",155,0.255758062566917,1,6,5,0.169025447503916,0.0891955091684508,3.36734193291962,3512,317.827096774194,118,15.5,4926.32,1
"South","Amajyepfo","Nyaruguru","Rusenge","Raranzige","Karimba",155,0.789756238510914,1,9,6,0.169025447503916,0.0891955091684508,3.36734193291962,3512,317.827096774194,119,15.5,4926.32,1
"South","Amajyepfo","Nyaruguru","Rusenge","Raranzige","Karimba",155,0.266505996121671,1,8,7,0.169025447503916,0.0891955091684508,3.36734193291962,3512,317.827096774194,120,15.5,4926.32,1
"South","Amajyepfo","Nyamagabe","Gatare","Mukongoro","Kageyo",110,1.37745678897072,1,9,2,0.118902047770848,0.0587096896853901,3.41925003881379,3512,447.847272727273,121,11,4926.32,1
"South","Amajyepfo","Nyamagabe","Gatare","Mukongoro","Kageyo",110,1.99832222997827,1,3,1,0.118902047770848,0.0587096896853901,3.41925003881379,3512,447.847272727273,122,11,4926.32,1
"South","Amajyepfo","Nyamagabe","Gatare","Mukongoro","Kageyo",110,2.58976786352169,1,4,1,0.118902047770848,0.0587096896853901,3.41925003881379,3512,447.847272727273,123,11,4926.32,1
"South","Amajyepfo","Nyamagabe","Gatare","Mukongoro","Kageyo",110,1.25411325738058,1,8,8,0.118902047770848,0.0587096896853901,3.41925003881379,3512,447.847272727273,124,11,4926.32,1
"South","Amajyepfo","Nyamagabe","Gatare","Mukongoro","Kageyo",110,1.67183982936599,1,5,4,0.118902047770848,0.0587096896853901,3.41925003881379,3512,447.847272727273,125,11,4926.32,1
"South","Amajyepfo","Nyamagabe","Gatare","Mukongoro","Kageyo",110,1.11615942525312,1,7,4,0.118902047770848,0.0587096896853901,3.41925003881379,3512,447.847272727273,126,11,4926.32,1
"South","Amajyepfo","Nyamagabe","Gatare","Mukongoro","Kageyo",110,2.12450650491273,1,4,1,0.118902047770848,0.0587096896853901,3.41925003881379,3512,447.847272727273,127,11,4926.32,1
"South","Amajyepfo","Nyamagabe","Gatare","Mukongoro","Kageyo",110,0.876445382651045,1,5,3,0.118902047770848,0.0587096896853901,3.41925003881379,3512,447.847272727273,128,11,4926.32,1
"South","Amajyepfo","Nyamagabe","Gatare","Mukongoro","Kageyo",110,1.76057600630039,1,5,1,0.118902047770848,0.0587096896853901,3.41925003881379,3512,447.847272727273,129,11,4926.32,1
"South","Amajyepfo","Nyamagabe","Gatare","Mukongoro","Kageyo",110,1.35765295082277,1,7,2,0.118902047770848,0.0587096896853901,3.41925003881379,3512,447.847272727273,130,11,4926.32,1
"South","Amajyepfo","Muhanga","Mushishiro","Munazi","Kabadaha",152,1.21792176023798,0,1,1,0.0144590236779668,0.112022241509805,3.24059306962732,3512,324.1,131,15.2,4926.32,1
"South","Amajyepfo","Muhanga","Mushishiro","Munazi","Kabadaha",152,1.09023987341212,1,3,3,0.0144590236779668,0.112022241509805,3.24059306962732,3512,324.1,132,15.2,4926.32,1
"South","Amajyepfo","Muhanga","Mushishiro","Munazi","Kabadaha",152,0.956265286781108,1,4,1,0.0144590236779668,0.112022241509805,3.24059306962732,3512,324.1,133,15.2,4926.32,1
"South","Amajyepfo","Muhanga","Mushishiro","Munazi","Kabadaha",152,1.1217709432405,0,9,8,0.0144590236779668,0.112022241509805,3.24059306962732,3512,324.1,134,15.2,4926.32,1
"South","Amajyepfo","Muhanga","Mushishiro","Munazi","Kabadaha",152,2.24563856106542,1,1,1,0.0144590236779668,0.112022241509805,3.24059306962732,3512,324.1,135,15.2,4926.32,1
"South","Amajyepfo","Muhanga","Mushishiro","Munazi","Kabadaha",152,1.88220000468169,1,4,1,0.0144590236779668,0.112022241509805,3.24059306962732,3512,324.1,136,15.2,4926.32,1
"South","Amajyepfo","Muhanga","Mushishiro","Munazi","Kabadaha",152,1.66396640711615,1,7,5,0.0144590236779668,0.112022241509805,3.24059306962732,3512,324.1,137,15.2,4926.32,1
"South","Amajyepfo","Muhanga","Mushishiro","Munazi","Kabadaha",152,1.72852291678209,1,5,1,0.0144590236779668,0.112022241509805,3.24059306962732,3512,324.1,138,15.2,4926.32,1
"South","Amajyepfo","Muhanga","Mushishiro","Munazi","Kabadaha",152,0.878536056956675,1,3,1,0.0144590236779668,0.112022241509805,3.24059306962732,3512,324.1,139,15.2,4926.32,1
"South","Amajyepfo","Muhanga","Mushishiro","Munazi","Kabadaha",152,1.15138985304272,1,6,1,0.0144590236779668,0.112022241509805,3.24059306962732,3512,324.1,140,15.2,4926.32,1
"South","Amajyepfo","Nyamagabe","Gasaka","Kigeme","Gitaba",149,3.14584681129178,1,10,9,0.182785860166459,0.101837482608387,3.19589494488077,3512,330.625503355705,141,14.9,4926.32,1
"South","Amajyepfo","Nyamagabe","Gasaka","Kigeme","Gitaba",149,2.70139563016995,1,7,5,0.182785860166459,0.101837482608387,3.19589494488077,3512,330.625503355705,142,14.9,4926.32,1
"South","Amajyepfo","Nyamagabe","Gasaka","Kigeme","Gitaba",149,3.0751469734776,1,5,1,0.182785860166459,0.101837482608387,3.19589494488077,3512,330.625503355705,143,14.9,4926.32,1
"South","Amajyepfo","Nyamagabe","Gasaka","Kigeme","Gitaba",149,2.00932851560328,1,5,3,0.182785860166459,0.101837482608387,3.19589494488077,3512,330.625503355705,144,14.9,4926.32,1
"South","Amajyepfo","Nyamagabe","Gasaka","Kigeme","Gitaba",149,1.56066420390748,1,3,2,0.182785860166459,0.101837482608387,3.19589494488077,3512,330.625503355705,145,14.9,4926.32,1
"South","Amajyepfo","Nyamagabe","Gasaka","Kigeme","Gitaba",149,2.26090901600334,1,10,8,0.182785860166459,0.101837482608387,3.19589494488077,3512,330.625503355705,146,14.9,4926.32,1
"South","Amajyepfo","Nyamagabe","Gasaka","Kigeme","Gitaba",149,3.27407024056398,1,4,2,0.182785860166459,0.101837482608387,3.19589494488077,3512,330.625503355705,147,14.9,4926.32,1
"South","Amajyepfo","Nyamagabe","Gasaka","Kigeme","Gitaba",149,2.08907389105484,1,6,5,0.182785860166459,0.101837482608387,3.19589494488077,3512,330.625503355705,148,14.9,4926.32,1
"South","Amajyepfo","Nyamagabe","Gasaka","Kigeme","Gitaba",149,2.45652943388554,1,3,1,0.182785860166459,0.101837482608387,3.19589494488077,3512,330.625503355705,149,14.9,4926.32,1
"South","Amajyepfo","Nyamagabe","Gasaka","Kigeme","Gitaba",149,2.67770500912473,1,7,5,0.182785860166459,0.101837482608387,3.19589494488077,3512,330.625503355705,150,14.9,4926.32,1
"South","Amajyepfo","Nyaruguru","Rusenge","Bunge","Jali",156,2.22703184678752,1,2,1,0.171132852155882,0.146683991870094,2.99825893413108,3512,315.789743589744,151,15.6,4926.32,1
"South","Amajyepfo","Nyaruguru","Rusenge","Bunge","Jali",156,2.28794818354622,1,5,1,0.171132852155882,0.146683991870094,2.99825893413108,3512,315.789743589744,152,15.6,4926.32,1
"South","Amajyepfo","Nyaruguru","Rusenge","Bunge","Jali",156,2.27705770785342,1,4,1,0.171132852155882,0.146683991870094,2.99825893413108,3512,315.789743589744,153,15.6,4926.32,1
"South","Amajyepfo","Nyaruguru","Rusenge","Bunge","Jali",156,2.70325851758556,1,1,1,0.171132852155882,0.146683991870094,2.99825893413108,3512,315.789743589744,154,15.6,4926.32,1
"South","Amajyepfo","Nyaruguru","Rusenge","Bunge","Jali",156,1.28066332368675,1,5,2,0.171132852155882,0.146683991870094,2.99825893413108,3512,315.789743589744,155,15.6,4926.32,1
"South","Amajyepfo","Nyaruguru","Rusenge","Bunge","Jali",156,2.62919584146481,1,5,1,0.171132852155882,0.146683991870094,2.99825893413108,3512,315.789743589744,156,15.6,4926.32,1
"South","Amajyepfo","Nyaruguru","Rusenge","Bunge","Jali",156,2.40704910607484,0,2,1,0.171132852155882,0.146683991870094,2.99825893413108,3512,315.789743589744,157,15.6,4926.32,1
"South","Amajyepfo","Nyaruguru","Rusenge","Bunge","Jali",156,3.17605223622006,1,5,1,0.171132852155882,0.146683991870094,2.99825893413108,3512,315.789743589744,158,15.6,4926.32,1
"South","Amajyepfo","Nyaruguru","Rusenge","Bunge","Jali",156,1.21145259512042,1,3,3,0.171132852155882,0.146683991870094,2.99825893413108,3512,315.789743589744,159,15.6,4926.32,1
"South","Amajyepfo","Nyaruguru","Rusenge","Bunge","Jali",156,1.76963804009894,1,3,1,0.171132852155882,0.146683991870094,2.99825893413108,3512,315.789743589744,160,15.6,4926.32,1
"South","Amajyepfo","Ruhango","Ruhango","Tambwe","Buterana",85,1.78995490517388,1,3,1,0.0109879228544505,0.0437367065449296,3.27287913005787,3512,579.567058823529,161,8.5,4926.32,1
"South","Amajyepfo","Ruhango","Ruhango","Tambwe","Buterana",85,1.59768055505195,0,1,1,0.0109879228544505,0.0437367065449296,3.27287913005787,3512,579.567058823529,162,8.5,4926.32,1
"South","Amajyepfo","Ruhango","Ruhango","Tambwe","Buterana",85,1.08082269858961,1,3,1,0.0109879228544505,0.0437367065449296,3.27287913005787,3512,579.567058823529,163,8.5,4926.32,1
"South","Amajyepfo","Ruhango","Ruhango","Tambwe","Buterana",85,1.50789309915125,1,3,1,0.0109879228544505,0.0437367065449296,3.27287913005787,3512,579.567058823529,164,8.5,4926.32,1
"South","Amajyepfo","Ruhango","Ruhango","Tambwe","Buterana",85,1.79007943103301,1,3,2,0.0109879228544505,0.0437367065449296,3.27287913005787,3512,579.567058823529,165,8.5,4926.32,1
"South","Amajyepfo","Ruhango","Ruhango","Tambwe","Buterana",85,1.12285894853949,1,3,1,0.0109879228544505,0.0437367065449296,3.27287913005787,3512,579.567058823529,166,8.5,4926.32,1
"South","Amajyepfo","Ruhango","Ruhango","Tambwe","Buterana",85,1.16191534065017,1,2,1,0.0109879228544505,0.0437367065449296,3.27287913005787,3512,579.567058823529,167,8.5,4926.32,1
"South","Amajyepfo","Ruhango","Ruhango","Tambwe","Buterana",85,1.37705732330651,1,2,1,0.0109879228544505,0.0437367065449296,3.27287913005787,3512,579.567058823529,168,8.5,4926.32,1
"South","Amajyepfo","Ruhango","Ruhango","Tambwe","Buterana",85,2.54751141425803,1,1,1,0.0109879228544505,0.0437367065449296,3.27287913005787,3512,579.567058823529,169,8.5,4926.32,1
"South","Amajyepfo","Ruhango","Ruhango","Tambwe","Buterana",85,2.06617977821665,1,7,1,0.0109879228544505,0.0437367065449296,3.27287913005787,3512,579.567058823529,170,8.5,4926.32,1
"South","Amajyepfo","Huye","Huye","Sovu","Karambo",132,1.32429307928969,1,4,1,0.107553821191134,0.0996923723818508,3.31815883432737,3512,373.206060606061,171,13.2,4926.32,1
"South","Amajyepfo","Huye","Huye","Sovu","Karambo",132,2.11362222997108,1,1,1,0.107553821191134,0.0996923723818508,3.31815883432737,3512,373.206060606061,172,13.2,4926.32,1
"South","Amajyepfo","Huye","Huye","Sovu","Karambo",132,1.41441356662095,1,4,1,0.107553821191134,0.0996923723818508,3.31815883432737,3512,373.206060606061,173,13.2,4926.32,1
"South","Amajyepfo","Huye","Huye","Sovu","Karambo",132,0.787385754809783,1,4,1,0.107553821191134,0.0996923723818508,3.31815883432737,3512,373.206060606061,174,13.2,4926.32,1
"South","Amajyepfo","Huye","Huye","Sovu","Karambo",132,0.886351755111519,1,1,1,0.107553821191134,0.0996923723818508,3.31815883432737,3512,373.206060606061,175,13.2,4926.32,1
"South","Amajyepfo","Huye","Huye","Sovu","Karambo",132,1.86778642578461,1,2,1,0.107553821191134,0.0996923723818508,3.31815883432737,3512,373.206060606061,176,13.2,4926.32,1
"South","Amajyepfo","Huye","Huye","Sovu","Karambo",132,0.627978469794376,1,2,1,0.107553821191134,0.0996923723818508,3.31815883432737,3512,373.206060606061,177,13.2,4926.32,1
"South","Amajyepfo","Huye","Huye","Sovu","Karambo",132,1.75412900818208,1,5,2,0.107553821191134,0.0996923723818508,3.31815883432737,3512,373.206060606061,178,13.2,4926.32,1
"South","Amajyepfo","Huye","Huye","Sovu","Karambo",132,0.640089384176368,1,6,4,0.107553821191134,0.0996923723818508,3.31815883432737,3512,373.206060606061,179,13.2,4926.32,1
"South","Amajyepfo","Huye","Huye","Sovu","Karambo",132,1.56722979247689,1,4,2,0.107553821191134,0.0996923723818508,3.31815883432737,3512,373.206060606061,180,13.2,4926.32,1
"South","Amajyepfo","Nyanza","Mukingo","Kiruli","Gahoko",195,1.03658954526382,0,4,1,0.203120299184954,0.0944254401701115,3.05071547439636,3512,252.631794871795,181,19.5,4926.32,1
"South","Amajyepfo","Nyanza","Mukingo","Kiruli","Gahoko",195,0.726798033177447,1,4,2,0.203120299184954,0.0944254401701115,3.05071547439636,3512,252.631794871795,182,19.5,4926.32,1
"South","Amajyepfo","Nyanza","Mukingo","Kiruli","Gahoko",195,1.12940778107607,1,3,1,0.203120299184954,0.0944254401701115,3.05071547439636,3512,252.631794871795,183,19.5,4926.32,1
"South","Amajyepfo","Nyanza","Mukingo","Kiruli","Gahoko",195,1.61342634030462,1,4,3,0.203120299184954,0.0944254401701115,3.05071547439636,3512,252.631794871795,184,19.5,4926.32,1
"South","Amajyepfo","Nyanza","Mukingo","Kiruli","Gahoko",195,1.30681111579528,1,1,1,0.203120299184954,0.0944254401701115,3.05071547439636,3512,252.631794871795,185,19.5,4926.32,1
"South","Amajyepfo","Nyanza","Mukingo","Kiruli","Gahoko",195,1.21511513250823,1,1,1,0.203120299184954,0.0944254401701115,3.05071547439636,3512,252.631794871795,186,19.5,4926.32,1
"South","Amajyepfo","Nyanza","Mukingo","Kiruli","Gahoko",195,1.38220062797026,1,4,3,0.203120299184954,0.0944254401701115,3.05071547439636,3512,252.631794871795,187,19.5,4926.32,1
"South","Amajyepfo","Nyanza","Mukingo","Kiruli","Gahoko",195,0.650473600366169,0,4,2,0.203120299184954,0.0944254401701115,3.05071547439636,3512,252.631794871795,188,19.5,4926.32,1
"South","Amajyepfo","Nyanza","Mukingo","Kiruli","Gahoko",195,1.34509147115323,1,1,1,0.203120299184954,0.0944254401701115,3.05071547439636,3512,252.631794871795,189,19.5,4926.32,1
"South","Amajyepfo","Nyanza","Mukingo","Kiruli","Gahoko",195,1.47612249288888,1,1,1,0.203120299184954,0.0944254401701115,3.05071547439636,3512,252.631794871795,190,19.5,4926.32,1
"South","Amajyepfo","Gisagara","Mukindo","Nyabisagara","Mutondo",91,1.64261714050061,1,1,1,0.0781884983393992,0.0430689158304471,2.84737967262922,3512,541.353846153846,191,9.1,4926.32,1
"South","Amajyepfo","Gisagara","Mukindo","Nyabisagara","Mutondo",91,1.27955617913336,1,4,3,0.0781884983393992,0.0430689158304471,2.84737967262922,3512,541.353846153846,192,9.1,4926.32,1
"South","Amajyepfo","Gisagara","Mukindo","Nyabisagara","Mutondo",91,0.620260131630811,1,4,2,0.0781884983393992,0.0430689158304471,2.84737967262922,3512,541.353846153846,193,9.1,4926.32,1
"South","Amajyepfo","Gisagara","Mukindo","Nyabisagara","Mutondo",91,1.98875880672974,1,4,2,0.0781884983393992,0.0430689158304471,2.84737967262922,3512,541.353846153846,194,9.1,4926.32,1
"South","Amajyepfo","Gisagara","Mukindo","Nyabisagara","Mutondo",91,1.30433424964215,1,4,2,0.0781884983393992,0.0430689158304471,2.84737967262922,3512,541.353846153846,195,9.1,4926.32,1
"South","Amajyepfo","Gisagara","Mukindo","Nyabisagara","Mutondo",91,0.755876339011909,1,8,4,0.0781884983393992,0.0430689158304471,2.84737967262922,3512,541.353846153846,196,9.1,4926.32,1
"South","Amajyepfo","Gisagara","Mukindo","Nyabisagara","Mutondo",91,0.619512802441607,1,7,1,0.0781884983393992,0.0430689158304471,2.84737967262922,3512,541.353846153846,197,9.1,4926.32,1
"South","Amajyepfo","Gisagara","Mukindo","Nyabisagara","Mutondo",91,0.180532225104544,1,4,1,0.0781884983393992,0.0430689158304471,2.84737967262922,3512,541.353846153846,198,9.1,4926.32,1
"South","Amajyepfo","Gisagara","Mukindo","Nyabisagara","Mutondo",91,0.587723029038459,1,1,1,0.0781884983393992,0.0430689158304471,2.84737967262922,3512,541.353846153846,199,9.1,4926.32,1
"South","Amajyepfo","Gisagara","Mukindo","Nyabisagara","Mutondo",91,0.686667899302825,0,2,1,0.0781884983393992,0.0430689158304471,2.84737967262922,3512,541.353846153846,200,9.1,4926.32,1
"East","Uburasirazuba","Nyagatare","KARAMA","NDEGO","RUSOROZA",80,0.746357077521326,1,6,6,0.180201227358031,0.0915883179544076,2.82711336906981,3785,553.8725,201,8,4430.98,1
"East","Uburasirazuba","Nyagatare","KARAMA","NDEGO","RUSOROZA",80,1.13201495528697,1,3,1,0.180201227358031,0.0915883179544076,2.82711336906981,3785,553.8725,202,8,4430.98,1
"East","Uburasirazuba","Nyagatare","KARAMA","NDEGO","RUSOROZA",80,0.512466705391691,0,6,4,0.180201227358031,0.0915883179544076,2.82711336906981,3785,553.8725,203,8,4430.98,1
"East","Uburasirazuba","Nyagatare","KARAMA","NDEGO","RUSOROZA",80,1.74072496222258,1,6,4,0.180201227358031,0.0915883179544076,2.82711336906981,3785,553.8725,204,8,4430.98,1
"East","Uburasirazuba","Nyagatare","KARAMA","NDEGO","RUSOROZA",80,1.93418399037207,1,3,1,0.180201227358031,0.0915883179544076,2.82711336906981,3785,553.8725,205,8,4430.98,1
"East","Uburasirazuba","Nyagatare","KARAMA","NDEGO","RUSOROZA",80,1.30475670992751,1,1,1,0.180201227358031,0.0915883179544076,2.82711336906981,3785,553.8725,206,8,4430.98,1
"East","Uburasirazuba","Nyagatare","KARAMA","NDEGO","RUSOROZA",80,0.273008729419017,1,2,1,0.180201227358031,0.0915883179544076,2.82711336906981,3785,553.8725,207,8,4430.98,1
"East","Uburasirazuba","Nyagatare","KARAMA","NDEGO","RUSOROZA",80,1.40645341669855,1,4,3,0.180201227358031,0.0915883179544076,2.82711336906981,3785,553.8725,208,8,4430.98,1
"East","Uburasirazuba","Nyagatare","KARAMA","NDEGO","RUSOROZA",80,0.836773422578311,1,1,1,0.180201227358031,0.0915883179544076,2.82711336906981,3785,553.8725,209,8,4430.98,1
"East","Uburasirazuba","Nyagatare","KARAMA","NDEGO","RUSOROZA",80,0.438439745043215,1,7,1,0.180201227358031,0.0915883179544076,2.82711336906981,3785,553.8725,210,8,4430.98,1
"East","Uburasirazuba","Gatsibo","Muhura","Mamfu","Agatagara",118,0.913456577889933,1,12,10,0.155268081296807,0.0618100851676785,3.08799186048705,3785,375.506779661017,211,11.8,4430.98,1
"East","Uburasirazuba","Gatsibo","Muhura","Mamfu","Agatagara",118,0.326175579058066,1,8,6,0.155268081296807,0.0618100851676785,3.08799186048705,3785,375.506779661017,212,11.8,4430.98,1
"East","Uburasirazuba","Gatsibo","Muhura","Mamfu","Agatagara",118,1.78089105892652,1,11,6,0.155268081296807,0.0618100851676785,3.08799186048705,3785,375.506779661017,213,11.8,4430.98,1
"East","Uburasirazuba","Gatsibo","Muhura","Mamfu","Agatagara",118,1.11069408812723,1,5,2,0.155268081296807,0.0618100851676785,3.08799186048705,3785,375.506779661017,214,11.8,4430.98,1
"East","Uburasirazuba","Gatsibo","Muhura","Mamfu","Agatagara",118,1.30916187908094,1,6,3,0.155268081296807,0.0618100851676785,3.08799186048705,3785,375.506779661017,215,11.8,4430.98,1
"East","Uburasirazuba","Gatsibo","Muhura","Mamfu","Agatagara",118,0.694064042011271,1,1,1,0.155268081296807,0.0618100851676785,3.08799186048705,3785,375.506779661017,216,11.8,4430.98,1
"East","Uburasirazuba","Gatsibo","Muhura","Mamfu","Agatagara",118,1.74362521935901,1,8,3,0.155268081296807,0.0618100851676785,3.08799186048705,3785,375.506779661017,217,11.8,4430.98,1
"East","Uburasirazuba","Gatsibo","Muhura","Mamfu","Agatagara",118,0.603968901767384,1,3,1,0.155268081296807,0.0618100851676785,3.08799186048705,3785,375.506779661017,218,11.8,4430.98,1
"East","Uburasirazuba","Gatsibo","Muhura","Mamfu","Agatagara",118,1.5990563163862,1,6,3,0.155268081296807,0.0618100851676785,3.08799186048705,3785,375.506779661017,219,11.8,4430.98,1
"East","Uburasirazuba","Gatsibo","Muhura","Mamfu","Agatagara",118,1.14622352467805,1,4,1,0.155268081296807,0.0618100851676785,3.08799186048705,3785,375.506779661017,220,11.8,4430.98,1
"East","Uburasirazuba","Bugesera","Ruhuha","Kindama","Gatovu",98,2.42801443476883,1,8,5,0.114307061716822,0.0744574945024146,2.73501802227872,3785,452.140816326531,221,9.8,4430.98,1
"East","Uburasirazuba","Bugesera","Ruhuha","Kindama","Gatovu",98,2.44517850485867,1,8,8,0.114307061716822,0.0744574945024146,2.73501802227872,3785,452.140816326531,222,9.8,4430.98,1
"East","Uburasirazuba","Bugesera","Ruhuha","Kindama","Gatovu",98,2.35168649220135,1,6,5,0.114307061716822,0.0744574945024146,2.73501802227872,3785,452.140816326531,223,9.8,4430.98,1
"East","Uburasirazuba","Bugesera","Ruhuha","Kindama","Gatovu",98,3.12666027746248,0,7,1,0.114307061716822,0.0744574945024146,2.73501802227872,3785,452.140816326531,224,9.8,4430.98,1
"East","Uburasirazuba","Bugesera","Ruhuha","Kindama","Gatovu",98,2.79318332395454,1,4,1,0.114307061716822,0.0744574945024146,2.73501802227872,3785,452.140816326531,225,9.8,4430.98,1
"East","Uburasirazuba","Bugesera","Ruhuha","Kindama","Gatovu",98,1.97430629709389,1,6,3,0.114307061716822,0.0744574945024146,2.73501802227872,3785,452.140816326531,226,9.8,4430.98,1
"East","Uburasirazuba","Bugesera","Ruhuha","Kindama","Gatovu",98,2.68623427992134,0,4,2,0.114307061716822,0.0744574945024146,2.73501802227872,3785,452.140816326531,227,9.8,4430.98,1
"East","Uburasirazuba","Bugesera","Ruhuha","Kindama","Gatovu",98,2.87122165104401,1,4,2,0.114307061716822,0.0744574945024146,2.73501802227872,3785,452.140816326531,228,9.8,4430.98,1
"East","Uburasirazuba","Bugesera","Ruhuha","Kindama","Gatovu",98,3.16134163635339,1,7,2,0.114307061716822,0.0744574945024146,2.73501802227872,3785,452.140816326531,229,9.8,4430.98,1
"East","Uburasirazuba","Bugesera","Ruhuha","Kindama","Gatovu",98,2.83706579613192,1,1,1,0.114307061716822,0.0744574945024146,2.73501802227872,3785,452.140816326531,230,9.8,4430.98,1
"East","Uburasirazuba","Rwamagana","Gishali","Ruhimbi","Rwagahaya",146,2.53355872734145,1,5,1,0.152061723504437,0.117458916261743,3.01060688678836,3785,303.491780821918,231,14.6,4430.98,1
"East","Uburasirazuba","Rwamagana","Gishali","Ruhimbi","Rwagahaya",146,2.44531988074584,1,5,4,0.152061723504437,0.117458916261743,3.01060688678836,3785,303.491780821918,232,14.6,4430.98,1
"East","Uburasirazuba","Rwamagana","Gishali","Ruhimbi","Rwagahaya",146,3.24536845777063,1,5,2,0.152061723504437,0.117458916261743,3.01060688678836,3785,303.491780821918,233,14.6,4430.98,1
"East","Uburasirazuba","Rwamagana","Gishali","Ruhimbi","Rwagahaya",146,2.47774984862319,1,2,1,0.152061723504437,0.117458916261743,3.01060688678836,3785,303.491780821918,234,14.6,4430.98,1
"East","Uburasirazuba","Rwamagana","Gishali","Ruhimbi","Rwagahaya",146,2.61297290884058,1,6,2,0.152061723504437,0.117458916261743,3.01060688678836,3785,303.491780821918,235,14.6,4430.98,1
"East","Uburasirazuba","Rwamagana","Gishali","Ruhimbi","Rwagahaya",146,1.77634150848565,1,4,1,0.152061723504437,0.117458916261743,3.01060688678836,3785,303.491780821918,236,14.6,4430.98,1
"East","Uburasirazuba","Rwamagana","Gishali","Ruhimbi","Rwagahaya",146,2.4117582124518,1,6,4,0.152061723504437,0.117458916261743,3.01060688678836,3785,303.491780821918,237,14.6,4430.98,1
"East","Uburasirazuba","Rwamagana","Gishali","Ruhimbi","Rwagahaya",146,3.00331505576716,1,5,1,0.152061723504437,0.117458916261743,3.01060688678836,3785,303.491780821918,238,14.6,4430.98,1
"East","Uburasirazuba","Rwamagana","Gishali","Ruhimbi","Rwagahaya",146,1.51367866196967,1,6,5,0.152061723504437,0.117458916261743,3.01060688678836,3785,303.491780821918,239,14.6,4430.98,1
"East","Uburasirazuba","Rwamagana","Gishali","Ruhimbi","Rwagahaya",146,2.63327228751541,1,3,1,0.152061723504437,0.117458916261743,3.01060688678836,3785,303.491780821918,240,14.6,4430.98,1
"East","Uburasirazuba","Ngoma","Rurenge","Rugese","Kajevuba",157,1.12994180049398,1,3,1,0.0714287715534946,0.0646165224497237,3.19157386174994,3785,282.228025477707,241,15.7,4430.98,1
"East","Uburasirazuba","Ngoma","Rurenge","Rugese","Kajevuba",157,1.46953780067198,1,7,5,0.0714287715534946,0.0646165224497237,3.19157386174994,3785,282.228025477707,242,15.7,4430.98,1
"East","Uburasirazuba","Ngoma","Rurenge","Rugese","Kajevuba",157,1.06220614064687,1,3,2,0.0714287715534946,0.0646165224497237,3.19157386174994,3785,282.228025477707,243,15.7,4430.98,1
"East","Uburasirazuba","Ngoma","Rurenge","Rugese","Kajevuba",157,0.767097483299355,1,6,3,0.0714287715534946,0.0646165224497237,3.19157386174994,3785,282.228025477707,244,15.7,4430.98,1
"East","Uburasirazuba","Ngoma","Rurenge","Rugese","Kajevuba",157,0.79835363634315,1,9,2,0.0714287715534946,0.0646165224497237,3.19157386174994,3785,282.228025477707,245,15.7,4430.98,1
"East","Uburasirazuba","Ngoma","Rurenge","Rugese","Kajevuba",157,0.893231305126516,1,15,13,0.0714287715534946,0.0646165224497237,3.19157386174994,3785,282.228025477707,246,15.7,4430.98,1
"East","Uburasirazuba","Ngoma","Rurenge","Rugese","Kajevuba",157,0.439938675484859,1,5,2,0.0714287715534946,0.0646165224497237,3.19157386174994,3785,282.228025477707,247,15.7,4430.98,1
"East","Uburasirazuba","Ngoma","Rurenge","Rugese","Kajevuba",157,1.43396869212724,1,6,5,0.0714287715534946,0.0646165224497237,3.19157386174994,3785,282.228025477707,248,15.7,4430.98,1
"East","Uburasirazuba","Ngoma","Rurenge","Rugese","Kajevuba",157,0.681492968788333,1,9,8,0.0714287715534946,0.0646165224497237,3.19157386174994,3785,282.228025477707,249,15.7,4430.98,1
"East","Uburasirazuba","Ngoma","Rurenge","Rugese","Kajevuba",157,1.26969202412301,1,6,2,0.0714287715534946,0.0646165224497237,3.19157386174994,3785,282.228025477707,250,15.7,4430.98,1
"East","Uburasirazuba","Rwamagana","Fumbwe","Nyamirama","Cyarutabana",98,2.03948641515381,1,1,1,0.0742400556051888,0.0814583572589382,3.04745281346659,3785,452.140816326531,251,9.8,4430.98,1
"East","Uburasirazuba","Rwamagana","Fumbwe","Nyamirama","Cyarutabana",98,1.02688484821576,1,1,1,0.0742400556051888,0.0814583572589382,3.04745281346659,3785,452.140816326531,252,9.8,4430.98,1
"East","Uburasirazuba","Rwamagana","Fumbwe","Nyamirama","Cyarutabana",98,1.21335048876948,1,2,1,0.0742400556051888,0.0814583572589382,3.04745281346659,3785,452.140816326531,253,9.8,4430.98,1
"East","Uburasirazuba","Rwamagana","Fumbwe","Nyamirama","Cyarutabana",98,0.951199924830958,1,1,1,0.0742400556051888,0.0814583572589382,3.04745281346659,3785,452.140816326531,254,9.8,4430.98,1
"East","Uburasirazuba","Rwamagana","Fumbwe","Nyamirama","Cyarutabana",98,1.57880919105319,1,6,1,0.0742400556051888,0.0814583572589382,3.04745281346659,3785,452.140816326531,255,9.8,4430.98,1
"East","Uburasirazuba","Rwamagana","Fumbwe","Nyamirama","Cyarutabana",98,0.67519139911029,1,1,1,0.0742400556051888,0.0814583572589382,3.04745281346659,3785,452.140816326531,256,9.8,4430.98,1
"East","Uburasirazuba","Rwamagana","Fumbwe","Nyamirama","Cyarutabana",98,0.739543126215339,1,2,1,0.0742400556051888,0.0814583572589382,3.04745281346659,3785,452.140816326531,257,9.8,4430.98,1
"East","Uburasirazuba","Rwamagana","Fumbwe","Nyamirama","Cyarutabana",98,1.60967451825467,1,2,1,0.0742400556051888,0.0814583572589382,3.04745281346659,3785,452.140816326531,258,9.8,4430.98,1
"East","Uburasirazuba","Rwamagana","Fumbwe","Nyamirama","Cyarutabana",98,0.770934541295917,1,2,2,0.0742400556051888,0.0814583572589382,3.04745281346659,3785,452.140816326531,259,9.8,4430.98,1
"East","Uburasirazuba","Rwamagana","Fumbwe","Nyamirama","Cyarutabana",98,0.999405492248228,1,2,1,0.0742400556051888,0.0814583572589382,3.04745281346659,3785,452.140816326531,260,9.8,4430.98,1
"East","Uburasirazuba","Bugesera","Musenyi","Nyagihunika","Mbonwa",102,2.91591222609702,1,7,5,0.091634832348918,0.161882624962071,3.02563959460379,3785,434.409803921569,261,10.2,4430.98,1
"East","Uburasirazuba","Bugesera","Musenyi","Nyagihunika","Mbonwa",102,1.09625185828549,1,8,4,0.091634832348918,0.161882624962071,3.02563959460379,3785,434.409803921569,262,10.2,4430.98,1
"East","Uburasirazuba","Bugesera","Musenyi","Nyagihunika","Mbonwa",102,1.41508788429372,1,11,5,0.091634832348918,0.161882624962071,3.02563959460379,3785,434.409803921569,263,10.2,4430.98,1
"East","Uburasirazuba","Bugesera","Musenyi","Nyagihunika","Mbonwa",102,2.34118456590782,1,5,2,0.091634832348918,0.161882624962071,3.02563959460379,3785,434.409803921569,264,10.2,4430.98,1
"East","Uburasirazuba","Bugesera","Musenyi","Nyagihunika","Mbonwa",102,1.84526048527098,1,4,1,0.091634832348918,0.161882624962071,3.02563959460379,3785,434.409803921569,265,10.2,4430.98,1
"East","Uburasirazuba","Bugesera","Musenyi","Nyagihunika","Mbonwa",102,2.0331639009108,1,9,8,0.091634832348918,0.161882624962071,3.02563959460379,3785,434.409803921569,266,10.2,4430.98,1
"East","Uburasirazuba","Bugesera","Musenyi","Nyagihunika","Mbonwa",102,3.1290236251633,1,5,3,0.091634832348918,0.161882624962071,3.02563959460379,3785,434.409803921569,267,10.2,4430.98,1
"East","Uburasirazuba","Bugesera","Musenyi","Nyagihunika","Mbonwa",102,2.50812051975098,1,6,1,0.091634832348918,0.161882624962071,3.02563959460379,3785,434.409803921569,268,10.2,4430.98,1
"East","Uburasirazuba","Bugesera","Musenyi","Nyagihunika","Mbonwa",102,2.50327305741787,1,6,1,0.091634832348918,0.161882624962071,3.02563959460379,3785,434.409803921569,269,10.2,4430.98,1
"East","Uburasirazuba","Bugesera","Musenyi","Nyagihunika","Mbonwa",102,2.67193602424554,1,8,8,0.091634832348918,0.161882624962071,3.02563959460379,3785,434.409803921569,270,10.2,4430.98,1
"East","Uburasirazuba","Bugesera","Mareba","Rugarama","Muyenzi",73,2.51637423329992,1,1,1,0.17280122780656,0.0658488104480277,3.25833873219433,3785,606.983561643836,271,7.3,4430.98,1
"East","Uburasirazuba","Bugesera","Mareba","Rugarama","Muyenzi",73,1.58040927391022,1,1,1,0.17280122780656,0.0658488104480277,3.25833873219433,3785,606.983561643836,272,7.3,4430.98,1
"East","Uburasirazuba","Bugesera","Mareba","Rugarama","Muyenzi",73,2.60675147141289,1,1,1,0.17280122780656,0.0658488104480277,3.25833873219433,3785,606.983561643836,273,7.3,4430.98,1
"East","Uburasirazuba","Bugesera","Mareba","Rugarama","Muyenzi",73,1.59974249917964,1,1,1,0.17280122780656,0.0658488104480277,3.25833873219433,3785,606.983561643836,274,7.3,4430.98,1
"East","Uburasirazuba","Bugesera","Mareba","Rugarama","Muyenzi",73,2.31628419150051,1,1,1,0.17280122780656,0.0658488104480277,3.25833873219433,3785,606.983561643836,275,7.3,4430.98,1
"East","Uburasirazuba","Bugesera","Mareba","Rugarama","Muyenzi",73,2.09437343067327,1,1,1,0.17280122780656,0.0658488104480277,3.25833873219433,3785,606.983561643836,276,7.3,4430.98,1
"East","Uburasirazuba","Bugesera","Mareba","Rugarama","Muyenzi",73,1.90606691377678,1,1,1,0.17280122780656,0.0658488104480277,3.25833873219433,3785,606.983561643836,277,7.3,4430.98,1
"East","Uburasirazuba","Bugesera","Mareba","Rugarama","Muyenzi",73,2.89925771199862,1,5,2,0.17280122780656,0.0658488104480277,3.25833873219433,3785,606.983561643836,278,7.3,4430.98,1
"East","Uburasirazuba","Bugesera","Mareba","Rugarama","Muyenzi",73,1.96712632237941,1,1,1,0.17280122780656,0.0658488104480277,3.25833873219433,3785,606.983561643836,279,7.3,4430.98,1
"East","Uburasirazuba","Bugesera","Mareba","Rugarama","Muyenzi",73,2.54543868180013,1,1,1,0.17280122780656,0.0658488104480277,3.25833873219433,3785,606.983561643836,280,7.3,4430.98,1
"East","Uburasirazuba","Nyagatare","KIYOMBE","KABUNGO","NYAKABUNGO",62,1.50419719146771,1,6,4,0.135695938953863,0.0713774567339314,3.07067750117072,3785,714.674193548387,281,6.2,4430.98,1
"East","Uburasirazuba","Nyagatare","KIYOMBE","KABUNGO","NYAKABUNGO",62,0.981455403713552,1,4,1,0.135695938953863,0.0713774567339314,3.07067750117072,3785,714.674193548387,282,6.2,4430.98,1
"East","Uburasirazuba","Nyagatare","KIYOMBE","KABUNGO","NYAKABUNGO",62,2.33195388507207,1,5,4,0.135695938953863,0.0713774567339314,3.07067750117072,3785,714.674193548387,283,6.2,4430.98,1
"East","Uburasirazuba","Nyagatare","KIYOMBE","KABUNGO","NYAKABUNGO",62,1.11431775778731,1,3,1,0.135695938953863,0.0713774567339314,3.07067750117072,3785,714.674193548387,284,6.2,4430.98,1
"East","Uburasirazuba","Nyagatare","KIYOMBE","KABUNGO","NYAKABUNGO",62,1.57648916233149,1,2,1,0.135695938953863,0.0713774567339314,3.07067750117072,3785,714.674193548387,285,6.2,4430.98,1
"East","Uburasirazuba","Nyagatare","KIYOMBE","KABUNGO","NYAKABUNGO",62,2.06032155428839,1,3,1,0.135695938953863,0.0713774567339314,3.07067750117072,3785,714.674193548387,286,6.2,4430.98,1
"East","Uburasirazuba","Nyagatare","KIYOMBE","KABUNGO","NYAKABUNGO",62,2.45115053190252,1,6,1,0.135695938953863,0.0713774567339314,3.07067750117072,3785,714.674193548387,287,6.2,4430.98,1
"East","Uburasirazuba","Nyagatare","KIYOMBE","KABUNGO","NYAKABUNGO",62,1.19529697668689,1,4,2,0.135695938953863,0.0713774567339314,3.07067750117072,3785,714.674193548387,288,6.2,4430.98,1
"East","Uburasirazuba","Nyagatare","KIYOMBE","KABUNGO","NYAKABUNGO",62,1.57707810319207,1,4,2,0.135695938953863,0.0713774567339314,3.07067750117072,3785,714.674193548387,289,6.2,4430.98,1
"East","Uburasirazuba","Nyagatare","KIYOMBE","KABUNGO","NYAKABUNGO",62,2.50947122532617,1,2,1,0.135695938953863,0.0713774567339314,3.07067750117072,3785,714.674193548387,290,6.2,4430.98,1
"East","Uburasirazuba","Rwamagana","Nzige","Kigarama","Mikoni",102,3.00819038269959,1,4,1,0.0949680668623729,0.0409671788465499,2.69223431486236,3785,434.409803921569,291,10.2,4430.98,1
"East","Uburasirazuba","Rwamagana","Nzige","Kigarama","Mikoni",102,4.03964276064265,0,4,1,0.0949680668623729,0.0409671788465499,2.69223431486236,3785,434.409803921569,292,10.2,4430.98,1
"East","Uburasirazuba","Rwamagana","Nzige","Kigarama","Mikoni",102,3.30379821088638,1,3,1,0.0949680668623729,0.0409671788465499,2.69223431486236,3785,434.409803921569,293,10.2,4430.98,1
"East","Uburasirazuba","Rwamagana","Nzige","Kigarama","Mikoni",102,4.33457851758242,1,5,1,0.0949680668623729,0.0409671788465499,2.69223431486236,3785,434.409803921569,294,10.2,4430.98,1
"East","Uburasirazuba","Rwamagana","Nzige","Kigarama","Mikoni",102,3.77255579566104,1,5,1,0.0949680668623729,0.0409671788465499,2.69223431486236,3785,434.409803921569,295,10.2,4430.98,1
"East","Uburasirazuba","Rwamagana","Nzige","Kigarama","Mikoni",102,3.64091952746132,1,3,1,0.0949680668623729,0.0409671788465499,2.69223431486236,3785,434.409803921569,296,10.2,4430.98,1
"East","Uburasirazuba","Rwamagana","Nzige","Kigarama","Mikoni",102,3.07290121348881,1,5,1,0.0949680668623729,0.0409671788465499,2.69223431486236,3785,434.409803921569,297,10.2,4430.98,1
"East","Uburasirazuba","Rwamagana","Nzige","Kigarama","Mikoni",102,3.22963689742634,1,5,1,0.0949680668623729,0.0409671788465499,2.69223431486236,3785,434.409803921569,298,10.2,4430.98,1
"East","Uburasirazuba","Rwamagana","Nzige","Kigarama","Mikoni",102,3.32085796081148,1,3,1,0.0949680668623729,0.0409671788465499,2.69223431486236,3785,434.409803921569,299,10.2,4430.98,1
"East","Uburasirazuba","Rwamagana","Nzige","Kigarama","Mikoni",102,3.58634291130331,1,5,3,0.0949680668623729,0.0409671788465499,2.69223431486236,3785,434.409803921569,300,10.2,4430.98,1
"West","Uburengerazuba","Nyamasheke","Bushekeri","Buvungira","Gisakura",113,3.14021614411028,1,7,6,0.0714585266030441,0.17511349073689,2.87275661117074,3622,432.893805309734,301,11.3,4891.7,1
"West","Uburengerazuba","Nyamasheke","Bushekeri","Buvungira","Gisakura",113,3.61201121542697,1,9,6,0.0714585266030441,0.17511349073689,2.87275661117074,3622,432.893805309734,302,11.3,4891.7,1
"West","Uburengerazuba","Nyamasheke","Bushekeri","Buvungira","Gisakura",113,3.13103329672502,1,6,3,0.0714585266030441,0.17511349073689,2.87275661117074,3622,432.893805309734,303,11.3,4891.7,1
"West","Uburengerazuba","Nyamasheke","Bushekeri","Buvungira","Gisakura",113,3.09371622580369,1,7,4,0.0714585266030441,0.17511349073689,2.87275661117074,3622,432.893805309734,304,11.3,4891.7,1
"West","Uburengerazuba","Nyamasheke","Bushekeri","Buvungira","Gisakura",113,3.11070069003311,1,8,5,0.0714585266030441,0.17511349073689,2.87275661117074,3622,432.893805309734,305,11.3,4891.7,1
"West","Uburengerazuba","Nyamasheke","Bushekeri","Buvungira","Gisakura",113,3.76190938233008,1,3,1,0.0714585266030441,0.17511349073689,2.87275661117074,3622,432.893805309734,306,11.3,4891.7,1
"West","Uburengerazuba","Nyamasheke","Bushekeri","Buvungira","Gisakura",113,2.82700868849105,1,9,1,0.0714585266030441,0.17511349073689,2.87275661117074,3622,432.893805309734,307,11.3,4891.7,1
"West","Uburengerazuba","Nyamasheke","Bushekeri","Buvungira","Gisakura",113,3.04302732205538,1,7,5,0.0714585266030441,0.17511349073689,2.87275661117074,3622,432.893805309734,308,11.3,4891.7,1
"West","Uburengerazuba","Nyamasheke","Bushekeri","Buvungira","Gisakura",113,3.27004205572561,1,5,3,0.0714585266030441,0.17511349073689,2.87275661117074,3622,432.893805309734,309,11.3,4891.7,1
"West","Uburengerazuba","Nyamasheke","Bushekeri","Buvungira","Gisakura",113,3.58955121797404,1,7,3,0.0714585266030441,0.17511349073689,2.87275661117074,3622,432.893805309734,310,11.3,4891.7,1
"West","Uburengerazuba","Rubavu","Cyanzarwe","Rwanzekuma","Munaba",189,2.14861329676811,1,3,1,0.126954579788444,0.117248068343968,2.9490548164508,3622,258.820105820106,311,18.9,4891.7,1
"West","Uburengerazuba","Rubavu","Cyanzarwe","Rwanzekuma","Munaba",189,2.18995128318007,1,3,1,0.126954579788444,0.117248068343968,2.9490548164508,3622,258.820105820106,312,18.9,4891.7,1
"West","Uburengerazuba","Rubavu","Cyanzarwe","Rwanzekuma","Munaba",189,1.41146386686155,0,2,1,0.126954579788444,0.117248068343968,2.9490548164508,3622,258.820105820106,313,18.9,4891.7,1
"West","Uburengerazuba","Rubavu","Cyanzarwe","Rwanzekuma","Munaba",189,2.71188409164199,1,6,2,0.126954579788444,0.117248068343968,2.9490548164508,3622,258.820105820106,314,18.9,4891.7,1
"West","Uburengerazuba","Rubavu","Cyanzarwe","Rwanzekuma","Munaba",189,1.37968155961298,1,1,1,0.126954579788444,0.117248068343968,2.9490548164508,3622,258.820105820106,315,18.9,4891.7,1
"West","Uburengerazuba","Rubavu","Cyanzarwe","Rwanzekuma","Munaba",189,0.917167742480443,1,5,4,0.126954579788444,0.117248068343968,2.9490548164508,3622,258.820105820106,316,18.9,4891.7,1
"West","Uburengerazuba","Rubavu","Cyanzarwe","Rwanzekuma","Munaba",189,2.1062005995424,1,4,1,0.126954579788444,0.117248068343968,2.9490548164508,3622,258.820105820106,317,18.9,4891.7,1
"West","Uburengerazuba","Rubavu","Cyanzarwe","Rwanzekuma","Munaba",189,2.19443254735686,1,5,1,0.126954579788444,0.117248068343968,2.9490548164508,3622,258.820105820106,318,18.9,4891.7,1
"West","Uburengerazuba","Rubavu","Cyanzarwe","Rwanzekuma","Munaba",189,1.96424052213471,0,1,1,0.126954579788444,0.117248068343968,2.9490548164508,3622,258.820105820106,319,18.9,4891.7,1
"West","Uburengerazuba","Rubavu","Cyanzarwe","Rwanzekuma","Munaba",189,1.18440530829709,1,3,1,0.126954579788444,0.117248068343968,2.9490548164508,3622,258.820105820106,320,18.9,4891.7,1
"West","Uburengerazuba","Rubavu","Kanzenze","Nyamikongi","Kabari",340,1.94714600987493,0,7,6,0.018570499930258,0.144344626096223,3.06161711304048,3622,143.873529411765,321,34,4891.7,1
"West","Uburengerazuba","Rubavu","Kanzenze","Nyamikongi","Kabari",340,1.70151408793612,1,4,3,0.018570499930258,0.144344626096223,3.06161711304048,3622,143.873529411765,322,34,4891.7,1
"West","Uburengerazuba","Rubavu","Kanzenze","Nyamikongi","Kabari",340,2.11826637460137,1,5,3,0.018570499930258,0.144344626096223,3.06161711304048,3622,143.873529411765,323,34,4891.7,1
"West","Uburengerazuba","Rubavu","Kanzenze","Nyamikongi","Kabari",340,1.0478199510807,1,6,4,0.018570499930258,0.144344626096223,3.06161711304048,3622,143.873529411765,324,34,4891.7,1
"West","Uburengerazuba","Rubavu","Kanzenze","Nyamikongi","Kabari",340,1.50402440169321,1,7,3,0.018570499930258,0.144344626096223,3.06161711304048,3622,143.873529411765,325,34,4891.7,1
"West","Uburengerazuba","Rubavu","Kanzenze","Nyamikongi","Kabari",340,1.97844717376831,0,6,2,0.018570499930258,0.144344626096223,3.06161711304048,3622,143.873529411765,326,34,4891.7,1
"West","Uburengerazuba","Rubavu","Kanzenze","Nyamikongi","Kabari",340,2.08896522827611,1,11,7,0.018570499930258,0.144344626096223,3.06161711304048,3622,143.873529411765,327,34,4891.7,1
"West","Uburengerazuba","Rubavu","Kanzenze","Nyamikongi","Kabari",340,2.0007995903827,0,7,5,0.018570499930258,0.144344626096223,3.06161711304048,3622,143.873529411765,328,34,4891.7,1
"West","Uburengerazuba","Rubavu","Kanzenze","Nyamikongi","Kabari",340,1.34785698614005,1,4,1,0.018570499930258,0.144344626096223,3.06161711304048,3622,143.873529411765,329,34,4891.7,1
"West","Uburengerazuba","Rubavu","Kanzenze","Nyamikongi","Kabari",340,2.03857204619327,0,4,3,0.018570499930258,0.144344626096223,3.06161711304048,3622,143.873529411765,330,34,4891.7,1
"West","Uburengerazuba","Nyamasheke","Macuba","Gatare","Kabeza",89,2.56076776741022,1,2,1,0.0235018732899642,0.0513252352007029,2.89624715085245,3622,549.629213483146,331,8.9,4891.7,1
"West","Uburengerazuba","Nyamasheke","Macuba","Gatare","Kabeza",89,1.5166694826487,1,4,1,0.0235018732899642,0.0513252352007029,2.89624715085245,3622,549.629213483146,332,8.9,4891.7,1
"West","Uburengerazuba","Nyamasheke","Macuba","Gatare","Kabeza",89,3.06483195764503,0,6,4,0.0235018732899642,0.0513252352007029,2.89624715085245,3622,549.629213483146,333,8.9,4891.7,1
"West","Uburengerazuba","Nyamasheke","Macuba","Gatare","Kabeza",89,3.03192804377359,1,9,5,0.0235018732899642,0.0513252352007029,2.89624715085245,3622,549.629213483146,334,8.9,4891.7,1
"West","Uburengerazuba","Nyamasheke","Macuba","Gatare","Kabeza",89,1.7347259620327,1,6,1,0.0235018732899642,0.0513252352007029,2.89624715085245,3622,549.629213483146,335,8.9,4891.7,1
"West","Uburengerazuba","Nyamasheke","Macuba","Gatare","Kabeza",89,2.48417226487712,1,2,2,0.0235018732899642,0.0513252352007029,2.89624715085245,3622,549.629213483146,336,8.9,4891.7,1
"West","Uburengerazuba","Nyamasheke","Macuba","Gatare","Kabeza",89,2.40548390847731,1,4,1,0.0235018732899642,0.0513252352007029,2.89624715085245,3622,549.629213483146,337,8.9,4891.7,1
"West","Uburengerazuba","Nyamasheke","Macuba","Gatare","Kabeza",89,2.70176989889895,1,1,1,0.0235018732899642,0.0513252352007029,2.89624715085245,3622,549.629213483146,338,8.9,4891.7,1
"West","Uburengerazuba","Nyamasheke","Macuba","Gatare","Kabeza",89,2.97259637840985,0,9,6,0.0235018732899642,0.0513252352007029,2.89624715085245,3622,549.629213483146,339,8.9,4891.7,1
"West","Uburengerazuba","Nyamasheke","Macuba","Gatare","Kabeza",89,2.61138484035167,1,3,1,0.0235018732899642,0.0513252352007029,2.89624715085245,3622,549.629213483146,340,8.9,4891.7,1
"West","Uburengerazuba","Rusizi","Nkungu","Gatare","Madaho",79,1.29157387522858,1,6,3,0.0914078317264782,0.104218348127739,3.43818717762702,3622,619.20253164557,341,7.9,4891.7,1
"West","Uburengerazuba","Rusizi","Nkungu","Gatare","Madaho",79,0.77577693690614,1,3,3,0.0914078317264782,0.104218348127739,3.43818717762702,3622,619.20253164557,342,7.9,4891.7,1
"West","Uburengerazuba","Rusizi","Nkungu","Gatare","Madaho",79,0.341674268788812,1,5,1,0.0914078317264782,0.104218348127739,3.43818717762702,3622,619.20253164557,343,7.9,4891.7,1
"West","Uburengerazuba","Rusizi","Nkungu","Gatare","Madaho",79,1.11169023079944,0,5,1,0.0914078317264782,0.104218348127739,3.43818717762702,3622,619.20253164557,344,7.9,4891.7,1
"West","Uburengerazuba","Rusizi","Nkungu","Gatare","Madaho",79,1.28709820673684,1,4,1,0.0914078317264782,0.104218348127739,3.43818717762702,3622,619.20253164557,345,7.9,4891.7,1
"West","Uburengerazuba","Rusizi","Nkungu","Gatare","Madaho",79,0.309791918129871,0,9,6,0.0914078317264782,0.104218348127739,3.43818717762702,3622,619.20253164557,346,7.9,4891.7,1
"West","Uburengerazuba","Rusizi","Nkungu","Gatare","Madaho",79,0,1,2,1,0.0914078317264782,0.104218348127739,3.43818717762702,3622,619.20253164557,347,7.9,4891.7,1
"West","Uburengerazuba","Rusizi","Nkungu","Gatare","Madaho",79,0.527824763027498,1,1,1,0.0914078317264782,0.104218348127739,3.43818717762702,3622,619.20253164557,348,7.9,4891.7,1
"West","Uburengerazuba","Rusizi","Nkungu","Gatare","Madaho",79,0.768808564595163,1,3,1,0.0914078317264782,0.104218348127739,3.43818717762702,3622,619.20253164557,349,7.9,4891.7,1
"West","Uburengerazuba","Rusizi","Nkungu","Gatare","Madaho",79,0.825381078746007,0,5,3,0.0914078317264782,0.104218348127739,3.43818717762702,3622,619.20253164557,350,7.9,4891.7,1
"West","Uburengerazuba","Nyamasheke","Mahembe","Kagarama","Giti",105,1.94600118947773,1,2,1,0.0905030795122668,0.0593041656698157,3.1467974768663,3622,465.87619047619,351,10.5,4891.7,1
"West","Uburengerazuba","Nyamasheke","Mahembe","Kagarama","Giti",105,2.59422044234968,1,1,1,0.0905030795122668,0.0593041656698157,3.1467974768663,3622,465.87619047619,352,10.5,4891.7,1
"West","Uburengerazuba","Nyamasheke","Mahembe","Kagarama","Giti",105,1.61049448847007,1,3,1,0.0905030795122668,0.0593041656698157,3.1467974768663,3622,465.87619047619,353,10.5,4891.7,1
"West","Uburengerazuba","Nyamasheke","Mahembe","Kagarama","Giti",105,2.5322800466946,1,10,10,0.0905030795122668,0.0593041656698157,3.1467974768663,3622,465.87619047619,354,10.5,4891.7,1
"West","Uburengerazuba","Nyamasheke","Mahembe","Kagarama","Giti",105,2.76025073871955,1,1,1,0.0905030795122668,0.0593041656698157,3.1467974768663,3622,465.87619047619,355,10.5,4891.7,1
"West","Uburengerazuba","Nyamasheke","Mahembe","Kagarama","Giti",105,2.40742196219333,1,4,2,0.0905030795122668,0.0593041656698157,3.1467974768663,3622,465.87619047619,356,10.5,4891.7,1
"West","Uburengerazuba","Nyamasheke","Mahembe","Kagarama","Giti",105,1.76365088635883,1,5,3,0.0905030795122668,0.0593041656698157,3.1467974768663,3622,465.87619047619,357,10.5,4891.7,1
"West","Uburengerazuba","Nyamasheke","Mahembe","Kagarama","Giti",105,2.40654359801457,1,5,3,0.0905030795122668,0.0593041656698157,3.1467974768663,3622,465.87619047619,358,10.5,4891.7,1
"West","Uburengerazuba","Nyamasheke","Mahembe","Kagarama","Giti",105,2.07469561753574,1,2,1,0.0905030795122668,0.0593041656698157,3.1467974768663,3622,465.87619047619,359,10.5,4891.7,1
"West","Uburengerazuba","Nyamasheke","Mahembe","Kagarama","Giti",105,1.8278314836567,1,2,1,0.0905030795122668,0.0593041656698157,3.1467974768663,3622,465.87619047619,360,10.5,4891.7,1
"West","Uburengerazuba","Nyabihu","Kintobo","Rukondo","Mugongo",115,1.33163071848514,1,3,1,0.0676787902634944,0.0621126113310533,2.75370074796646,3622,425.365217391304,361,11.5,4891.7,1
"West","Uburengerazuba","Nyabihu","Kintobo","Rukondo","Mugongo",115,2.15486403609972,1,6,4,0.0676787902634944,0.0621126113310533,2.75370074796646,3622,425.365217391304,362,11.5,4891.7,1
"West","Uburengerazuba","Nyabihu","Kintobo","Rukondo","Mugongo",115,1.45823898748524,1,3,2,0.0676787902634944,0.0621126113310533,2.75370074796646,3622,425.365217391304,363,11.5,4891.7,1
"West","Uburengerazuba","Nyabihu","Kintobo","Rukondo","Mugongo",115,2.13317680381717,1,5,1,0.0676787902634944,0.0621126113310533,2.75370074796646,3622,425.365217391304,364,11.5,4891.7,1
"West","Uburengerazuba","Nyabihu","Kintobo","Rukondo","Mugongo",115,1.76268723488471,1,3,1,0.0676787902634944,0.0621126113310533,2.75370074796646,3622,425.365217391304,365,11.5,4891.7,1
"West","Uburengerazuba","Nyabihu","Kintobo","Rukondo","Mugongo",115,2.37462116890459,1,1,1,0.0676787902634944,0.0621126113310533,2.75370074796646,3622,425.365217391304,366,11.5,4891.7,1
"West","Uburengerazuba","Nyabihu","Kintobo","Rukondo","Mugongo",115,2.0390498488253,0,5,2,0.0676787902634944,0.0621126113310533,2.75370074796646,3622,425.365217391304,367,11.5,4891.7,1
"West","Uburengerazuba","Nyabihu","Kintobo","Rukondo","Mugongo",115,1.53252719071618,0,2,2,0.0676787902634944,0.0621126113310533,2.75370074796646,3622,425.365217391304,368,11.5,4891.7,1
"West","Uburengerazuba","Nyabihu","Kintobo","Rukondo","Mugongo",115,1.27233771427645,0,7,2,0.0676787902634944,0.0621126113310533,2.75370074796646,3622,425.365217391304,369,11.5,4891.7,1
"West","Uburengerazuba","Nyabihu","Kintobo","Rukondo","Mugongo",115,1.26286688454829,0,8,6,0.0676787902634944,0.0621126113310533,2.75370074796646,3622,425.365217391304,370,11.5,4891.7,1
"West","Uburengerazuba","Rutsiro","Mukura","Kabuga","Sanzare",132,2.2688051679032,1,7,4,0.0134297764859946,0.0995051513350734,3.08737458227024,3622,370.583333333333,371,13.2,4891.7,1
"West","Uburengerazuba","Rutsiro","Mukura","Kabuga","Sanzare",132,3.51665681327536,1,4,3,0.0134297764859946,0.0995051513350734,3.08737458227024,3622,370.583333333333,372,13.2,4891.7,1
"West","Uburengerazuba","Rutsiro","Mukura","Kabuga","Sanzare",132,2.76365633048056,1,5,1,0.0134297764859946,0.0995051513350734,3.08737458227024,3622,370.583333333333,373,13.2,4891.7,1
"West","Uburengerazuba","Rutsiro","Mukura","Kabuga","Sanzare",132,3.81300318136459,0,6,1,0.0134297764859946,0.0995051513350734,3.08737458227024,3622,370.583333333333,374,13.2,4891.7,1
"West","Uburengerazuba","Rutsiro","Mukura","Kabuga","Sanzare",132,3.41138645412317,1,7,3,0.0134297764859946,0.0995051513350734,3.08737458227024,3622,370.583333333333,375,13.2,4891.7,1
"West","Uburengerazuba","Rutsiro","Mukura","Kabuga","Sanzare",132,2.39988776057309,1,6,4,0.0134297764859946,0.0995051513350734,3.08737458227024,3622,370.583333333333,376,13.2,4891.7,1
"West","Uburengerazuba","Rutsiro","Mukura","Kabuga","Sanzare",132,3.27747660892911,0,9,8,0.0134297764859946,0.0995051513350734,3.08737458227024,3622,370.583333333333,377,13.2,4891.7,1
"West","Uburengerazuba","Rutsiro","Mukura","Kabuga","Sanzare",132,2.06196710547922,1,6,2,0.0134297764859946,0.0995051513350734,3.08737458227024,3622,370.583333333333,378,13.2,4891.7,1
"West","Uburengerazuba","Rutsiro","Mukura","Kabuga","Sanzare",132,2.45056496431471,1,12,6,0.0134297764859946,0.0995051513350734,3.08737458227024,3622,370.583333333333,379,13.2,4891.7,1
"West","Uburengerazuba","Rutsiro","Mukura","Kabuga","Sanzare",132,2.32266967393709,0,6,1,0.0134297764859946,0.0995051513350734,3.08737458227024,3622,370.583333333333,380,13.2,4891.7,1
"West","Uburengerazuba","Rutsiro","Mukura","Kageyo","Rukondo",112,2.80449927215534,1,4,1,0.0987542390650774,0.0349833295680281,2.96930714229309,3622,436.758928571429,381,11.2,4891.7,1
"West","Uburengerazuba","Rutsiro","Mukura","Kageyo","Rukondo",112,2.63679972045394,1,3,1,0.0987542390650774,0.0349833295680281,2.96930714229309,3622,436.758928571429,382,11.2,4891.7,1
"West","Uburengerazuba","Rutsiro","Mukura","Kageyo","Rukondo",112,2.64228008517864,1,12,11,0.0987542390650774,0.0349833295680281,2.96930714229309,3622,436.758928571429,383,11.2,4891.7,1
"West","Uburengerazuba","Rutsiro","Mukura","Kageyo","Rukondo",112,1.1799537311004,1,6,3,0.0987542390650774,0.0349833295680281,2.96930714229309,3622,436.758928571429,384,11.2,4891.7,1
"West","Uburengerazuba","Rutsiro","Mukura","Kageyo","Rukondo",112,1.66108403806914,1,5,3,0.0987542390650774,0.0349833295680281,2.96930714229309,3622,436.758928571429,385,11.2,4891.7,1
"West","Uburengerazuba","Rutsiro","Mukura","Kageyo","Rukondo",112,2.06542732753165,1,9,8,0.0987542390650774,0.0349833295680281,2.96930714229309,3622,436.758928571429,386,11.2,4891.7,1
"West","Uburengerazuba","Rutsiro","Mukura","Kageyo","Rukondo",112,3.03751043800852,1,5,1,0.0987542390650774,0.0349833295680281,2.96930714229309,3622,436.758928571429,387,11.2,4891.7,1
"West","Uburengerazuba","Rutsiro","Mukura","Kageyo","Rukondo",112,2.56977192048701,1,10,6,0.0987542390650774,0.0349833295680281,2.96930714229309,3622,436.758928571429,388,11.2,4891.7,1
"West","Uburengerazuba","Rutsiro","Mukura","Kageyo","Rukondo",112,2.60725783265185,1,4,2,0.0987542390650774,0.0349833295680281,2.96930714229309,3622,436.758928571429,389,11.2,4891.7,1
"West","Uburengerazuba","Rutsiro","Mukura","Kageyo","Rukondo",112,2.53487414913868,1,6,2,0.0987542390650774,0.0349833295680281,2.96930714229309,3622,436.758928571429,390,11.2,4891.7,1
"West","Uburengerazuba","Nyamasheke","Gihombo","Jarama","Karehe",147,0.701065669857971,0,4,2,0.17226285004259,0.163019770157169,3.44493013448262,3622,332.768707482993,391,14.7,4891.7,1
"West","Uburengerazuba","Nyamasheke","Gihombo","Jarama","Karehe",147,1.15386137440378,1,3,1,0.17226285004259,0.163019770157169,3.44493013448262,3622,332.768707482993,392,14.7,4891.7,1
"West","Uburengerazuba","Nyamasheke","Gihombo","Jarama","Karehe",147,1.76909870164487,1,1,1,0.17226285004259,0.163019770157169,3.44493013448262,3622,332.768707482993,393,14.7,4891.7,1
"West","Uburengerazuba","Nyamasheke","Gihombo","Jarama","Karehe",147,2.05183507630533,1,1,1,0.17226285004259,0.163019770157169,3.44493013448262,3622,332.768707482993,394,14.7,4891.7,1
"West","Uburengerazuba","Nyamasheke","Gihombo","Jarama","Karehe",147,1.13862528636801,1,3,1,0.17226285004259,0.163019770157169,3.44493013448262,3622,332.768707482993,395,14.7,4891.7,1
"West","Uburengerazuba","Nyamasheke","Gihombo","Jarama","Karehe",147,1.46806328782761,1,3,1,0.17226285004259,0.163019770157169,3.44493013448262,3622,332.768707482993,396,14.7,4891.7,1
"West","Uburengerazuba","Nyamasheke","Gihombo","Jarama","Karehe",147,1.1041542301891,1,6,2,0.17226285004259,0.163019770157169,3.44493013448262,3622,332.768707482993,397,14.7,4891.7,1
"West","Uburengerazuba","Nyamasheke","Gihombo","Jarama","Karehe",147,2.43478406271611,1,3,1,0.17226285004259,0.163019770157169,3.44493013448262,3622,332.768707482993,398,14.7,4891.7,1
"West","Uburengerazuba","Nyamasheke","Gihombo","Jarama","Karehe",147,0.98882407800112,1,3,1,0.17226285004259,0.163019770157169,3.44493013448262,3622,332.768707482993,399,14.7,4891.7,1
"West","Uburengerazuba","Nyamasheke","Gihombo","Jarama","Karehe",147,1.92447053463359,1,1,1,0.17226285004259,0.163019770157169,3.44493013448262,3622,332.768707482993,400,14.7,4891.7,1
"Kigali","Umujyi wa Kigali","Kicukiro","Kanombe","Rubirizi","Itunda ",365,0.625183541659102,0,2,1,0.157411158756473,0.0328893714024439,3.28649923466262,1177,53.1298630136986,401,36.5,1939.24,1
"Kigali","Umujyi wa Kigali","Kicukiro","Kanombe","Rubirizi","Itunda ",365,0.52977016273393,1,3,1,0.157411158756473,0.0328893714024439,3.28649923466262,1177,53.1298630136986,402,36.5,1939.24,1
"Kigali","Umujyi wa Kigali","Kicukiro","Kanombe","Rubirizi","Itunda ",365,0.355810384388,1,5,4,0.157411158756473,0.0328893714024439,3.28649923466262,1177,53.1298630136986,403,36.5,1939.24,1
"Kigali","Umujyi wa Kigali","Kicukiro","Kanombe","Rubirizi","Itunda ",365,0.573548390878135,0,5,1,0.157411158756473,0.0328893714024439,3.28649923466262,1177,53.1298630136986,404,36.5,1939.24,1
"Kigali","Umujyi wa Kigali","Kicukiro","Kanombe","Rubirizi","Itunda ",365,0.170907791078077,1,6,3,0.157411158756473,0.0328893714024439,3.28649923466262,1177,53.1298630136986,405,36.5,1939.24,1
"Kigali","Umujyi wa Kigali","Kicukiro","Kanombe","Rubirizi","Itunda ",365,0.955292927511916,0,4,1,0.157411158756473,0.0328893714024439,3.28649923466262,1177,53.1298630136986,406,36.5,1939.24,1
"Kigali","Umujyi wa Kigali","Kicukiro","Kanombe","Rubirizi","Itunda ",365,1.12177850327905,1,4,3,0.157411158756473,0.0328893714024439,3.28649923466262,1177,53.1298630136986,407,36.5,1939.24,1
"Kigali","Umujyi wa Kigali","Kicukiro","Kanombe","Rubirizi","Itunda ",365,1.60542520647995,1,4,2,0.157411158756473,0.0328893714024439,3.28649923466262,1177,53.1298630136986,408,36.5,1939.24,1
"Kigali","Umujyi wa Kigali","Kicukiro","Kanombe","Rubirizi","Itunda ",365,1.19661518339271,1,3,1,0.157411158756473,0.0328893714024439,3.28649923466262,1177,53.1298630136986,409,36.5,1939.24,1
"Kigali","Umujyi wa Kigali","Kicukiro","Kanombe","Rubirizi","Itunda ",365,0.471166187039795,1,8,4,0.157411158756473,0.0328893714024439,3.28649923466262,1177,53.1298630136986,410,36.5,1939.24,1
"Kigali","Umujyi wa Kigali","Nyarugenge","Kimisagara","Kamuhoza","Tetero",184,0.613686044713928,1,3,1,0.69062576537799,0.0858700034329112,3.40811303186659,1177,105.39347826087,411,18.4,1939.24,1
"Kigali","Umujyi wa Kigali","Nyarugenge","Kimisagara","Kamuhoza","Tetero",184,0.635703527414504,1,9,6,0.69062576537799,0.0858700034329112,3.40811303186659,1177,105.39347826087,412,18.4,1939.24,1
"Kigali","Umujyi wa Kigali","Nyarugenge","Kimisagara","Kamuhoza","Tetero",184,0.809216881901422,1,7,5,0.69062576537799,0.0858700034329112,3.40811303186659,1177,105.39347826087,413,18.4,1939.24,1
"Kigali","Umujyi wa Kigali","Nyarugenge","Kimisagara","Kamuhoza","Tetero",184,0.956534391322959,1,6,1,0.69062576537799,0.0858700034329112,3.40811303186659,1177,105.39347826087,414,18.4,1939.24,1
"Kigali","Umujyi wa Kigali","Nyarugenge","Kimisagara","Kamuhoza","Tetero",184,0.596813948893999,1,8,5,0.69062576537799,0.0858700034329112,3.40811303186659,1177,105.39347826087,415,18.4,1939.24,1
"Kigali","Umujyi wa Kigali","Nyarugenge","Kimisagara","Kamuhoza","Tetero",184,1.94698778856421,1,7,5,0.69062576537799,0.0858700034329112,3.40811303186659,1177,105.39347826087,416,18.4,1939.24,1
"Kigali","Umujyi wa Kigali","Nyarugenge","Kimisagara","Kamuhoza","Tetero",184,1.76013677105965,1,13,8,0.69062576537799,0.0858700034329112,3.40811303186659,1177,105.39347826087,417,18.4,1939.24,1
"Kigali","Umujyi wa Kigali","Nyarugenge","Kimisagara","Kamuhoza","Tetero",184,0.500098888129838,1,8,7,0.69062576537799,0.0858700034329112,3.40811303186659,1177,105.39347826087,418,18.4,1939.24,1
"Kigali","Umujyi wa Kigali","Nyarugenge","Kimisagara","Kamuhoza","Tetero",184,1.14165373941392,1,3,1,0.69062576537799,0.0858700034329112,3.40811303186659,1177,105.39347826087,419,18.4,1939.24,1
"Kigali","Umujyi wa Kigali","Nyarugenge","Kimisagara","Kamuhoza","Tetero",184,1.82462124976091,1,12,9,0.69062576537799,0.0858700034329112,3.40811303186659,1177,105.39347826087,420,18.4,1939.24,1
"Kigali","Umujyi wa Kigali","Gasabo","Gikomero","Gasagara","Gasagara",150,0.464688806866182,1,6,6,0.246066564799242,0,3.43709966131507,1177,129.282666666667,421,15,1939.24,1
"Kigali","Umujyi wa Kigali","Gasabo","Gikomero","Gasagara","Gasagara",150,1.04804003856284,1,2,1,0.246066564799242,0,3.43709966131507,1177,129.282666666667,422,15,1939.24,1
"Kigali","Umujyi wa Kigali","Gasabo","Gikomero","Gasagara","Gasagara",150,1.75256414574889,1,3,1,0.246066564799242,0,3.43709966131507,1177,129.282666666667,423,15,1939.24,1
"Kigali","Umujyi wa Kigali","Gasabo","Gikomero","Gasagara","Gasagara",150,1.29232793544243,1,7,5,0.246066564799242,0,3.43709966131507,1177,129.282666666667,424,15,1939.24,1
"Kigali","Umujyi wa Kigali","Gasabo","Gikomero","Gasagara","Gasagara",150,0.811514792756261,1,2,1,0.246066564799242,0,3.43709966131507,1177,129.282666666667,425,15,1939.24,1
"Kigali","Umujyi wa Kigali","Gasabo","Gikomero","Gasagara","Gasagara",150,1.0058714037225,1,5,2,0.246066564799242,0,3.43709966131507,1177,129.282666666667,426,15,1939.24,1
"Kigali","Umujyi wa Kigali","Gasabo","Gikomero","Gasagara","Gasagara",150,1.32182444916502,1,3,1,0.246066564799242,0,3.43709966131507,1177,129.282666666667,427,15,1939.24,1
"Kigali","Umujyi wa Kigali","Gasabo","Gikomero","Gasagara","Gasagara",150,1.55465911240621,1,2,1,0.246066564799242,0,3.43709966131507,1177,129.282666666667,428,15,1939.24,1
"Kigali","Umujyi wa Kigali","Gasabo","Gikomero","Gasagara","Gasagara",150,1.66580505904621,1,9,7,0.246066564799242,0,3.43709966131507,1177,129.282666666667,429,15,1939.24,1
"Kigali","Umujyi wa Kigali","Gasabo","Gikomero","Gasagara","Gasagara",150,1.21095067176741,1,4,1,0.246066564799242,0,3.43709966131507,1177,129.282666666667,430,15,1939.24,1
"Kigali","Umujyi wa Kigali","Kicukiro","Nyarugunga","Kamashashi ","Kabagendwa",660,1.29134695370668,1,1,1,0.123811996048152,0.0260649295609839,3.04740036993032,1177,29.3824242424242,431,66,1939.24,1
"Kigali","Umujyi wa Kigali","Kicukiro","Nyarugunga","Kamashashi ","Kabagendwa",660,1.58159731840719,1,1,1,0.123811996048152,0.0260649295609839,3.04740036993032,1177,29.3824242424242,432,66,1939.24,1
"Kigali","Umujyi wa Kigali","Kicukiro","Nyarugunga","Kamashashi ","Kabagendwa",660,1.09190487121845,1,1,1,0.123811996048152,0.0260649295609839,3.04740036993032,1177,29.3824242424242,433,66,1939.24,1
"Kigali","Umujyi wa Kigali","Kicukiro","Nyarugunga","Kamashashi ","Kabagendwa",660,1.17000925909666,1,2,1,0.123811996048152,0.0260649295609839,3.04740036993032,1177,29.3824242424242,434,66,1939.24,1
"Kigali","Umujyi wa Kigali","Kicukiro","Nyarugunga","Kamashashi ","Kabagendwa",660,0.6129690077179,1,5,1,0.123811996048152,0.0260649295609839,3.04740036993032,1177,29.3824242424242,435,66,1939.24,1
"Kigali","Umujyi wa Kigali","Kicukiro","Nyarugunga","Kamashashi ","Kabagendwa",660,1.03774596625752,1,3,1,0.123811996048152,0.0260649295609839,3.04740036993032,1177,29.3824242424242,436,66,1939.24,1
"Kigali","Umujyi wa Kigali","Kicukiro","Nyarugunga","Kamashashi ","Kabagendwa",660,0.625501242740125,1,4,1,0.123811996048152,0.0260649295609839,3.04740036993032,1177,29.3824242424242,437,66,1939.24,1
"Kigali","Umujyi wa Kigali","Kicukiro","Nyarugunga","Kamashashi ","Kabagendwa",660,2.23195370139726,1,2,1,0.123811996048152,0.0260649295609839,3.04740036993032,1177,29.3824242424242,438,66,1939.24,1
"Kigali","Umujyi wa Kigali","Kicukiro","Nyarugunga","Kamashashi ","Kabagendwa",660,0.384682803769866,1,1,1,0.123811996048152,0.0260649295609839,3.04740036993032,1177,29.3824242424242,439,66,1939.24,1
"Kigali","Umujyi wa Kigali","Kicukiro","Nyarugunga","Kamashashi ","Kabagendwa",660,0.557432875540058,1,2,1,0.123811996048152,0.0260649295609839,3.04740036993032,1177,29.3824242424242,440,66,1939.24,1
"Kigali","Umujyi wa Kigali","Nyarugenge","Kigali","Rwesero","Makaga",56,0.866572020480336,1,5,3,0,0.0528051090692273,3.13169459528804,1177,346.292857142857,441,5.6,1939.24,1
"Kigali","Umujyi wa Kigali","Nyarugenge","Kigali","Rwesero","Makaga",56,0.554831424671878,1,4,3,0,0.0528051090692273,3.13169459528804,1177,346.292857142857,442,5.6,1939.24,1
"Kigali","Umujyi wa Kigali","Nyarugenge","Kigali","Rwesero","Makaga",56,0.210707994920706,1,7,6,0,0.0528051090692273,3.13169459528804,1177,346.292857142857,443,5.6,1939.24,1
"Kigali","Umujyi wa Kigali","Nyarugenge","Kigali","Rwesero","Makaga",56,0.991220417181398,1,7,6,0,0.0528051090692273,3.13169459528804,1177,346.292857142857,444,5.6,1939.24,1
"Kigali","Umujyi wa Kigali","Nyarugenge","Kigali","Rwesero","Makaga",56,1.49730648613304,1,4,1,0,0.0528051090692273,3.13169459528804,1177,346.292857142857,445,5.6,1939.24,1
"Kigali","Umujyi wa Kigali","Nyarugenge","Kigali","Rwesero","Makaga",56,1.74846769159103,0,4,1,0,0.0528051090692273,3.13169459528804,1177,346.292857142857,446,5.6,1939.24,1
"Kigali","Umujyi wa Kigali","Nyarugenge","Kigali","Rwesero","Makaga",56,1.57922389810912,1,7,5,0,0.0528051090692273,3.13169459528804,1177,346.292857142857,447,5.6,1939.24,1
"Kigali","Umujyi wa Kigali","Nyarugenge","Kigali","Rwesero","Makaga",56,1.08424944599891,1,5,2,0,0.0528051090692273,3.13169459528804,1177,346.292857142857,448,5.6,1939.24,1
"Kigali","Umujyi wa Kigali","Nyarugenge","Kigali","Rwesero","Makaga",56,0,1,9,4,0,0.0528051090692273,3.13169459528804,1177,346.292857142857,449,5.6,1939.24,1
"Kigali","Umujyi wa Kigali","Nyarugenge","Kigali","Rwesero","Makaga",56,1.44875702454551,1,6,3,0,0.0528051090692273,3.13169459528804,1177,346.292857142857,450,5.6,1939.24,1
"Kigali","Umujyi wa Kigali","Kicukiro","Kanombe","Kabeza","Nyarurembo",355,1.15715836326905,1,4,1,0.158978129114738,0.229901226995995,3.23158587745811,1177,54.6264788732394,451,35.5,1939.24,1
"Kigali","Umujyi wa Kigali","Kicukiro","Kanombe","Kabeza","Nyarurembo",355,1.35404111698566,1,6,5,0.158978129114738,0.229901226995995,3.23158587745811,1177,54.6264788732394,452,35.5,1939.24,1
"Kigali","Umujyi wa Kigali","Kicukiro","Kanombe","Kabeza","Nyarurembo",355,1.51753940851994,1,9,7,0.158978129114738,0.229901226995995,3.23158587745811,1177,54.6264788732394,453,35.5,1939.24,1
"Kigali","Umujyi wa Kigali","Kicukiro","Kanombe","Kabeza","Nyarurembo",355,2.1119202448847,1,4,1,0.158978129114738,0.229901226995995,3.23158587745811,1177,54.6264788732394,454,35.5,1939.24,1
"Kigali","Umujyi wa Kigali","Kicukiro","Kanombe","Kabeza","Nyarurembo",355,1.33983376200039,1,8,5,0.158978129114738,0.229901226995995,3.23158587745811,1177,54.6264788732394,455,35.5,1939.24,1
"Kigali","Umujyi wa Kigali","Kicukiro","Kanombe","Kabeza","Nyarurembo",355,2.26261665682112,1,5,1,0.158978129114738,0.229901226995995,3.23158587745811,1177,54.6264788732394,456,35.5,1939.24,1
"Kigali","Umujyi wa Kigali","Kicukiro","Kanombe","Kabeza","Nyarurembo",355,1.91593396240484,1,4,2,0.158978129114738,0.229901226995995,3.23158587745811,1177,54.6264788732394,457,35.5,1939.24,1
"Kigali","Umujyi wa Kigali","Kicukiro","Kanombe","Kabeza","Nyarurembo",355,0.711703713226705,1,7,4,0.158978129114738,0.229901226995995,3.23158587745811,1177,54.6264788732394,458,35.5,1939.24,1
"Kigali","Umujyi wa Kigali","Kicukiro","Kanombe","Kabeza","Nyarurembo",355,1.16316094216918,1,2,1,0.158978129114738,0.229901226995995,3.23158587745811,1177,54.6264788732394,459,35.5,1939.24,1
"Kigali","Umujyi wa Kigali","Kicukiro","Kanombe","Kabeza","Nyarurembo",355,2.29772577417571,1,7,2,0.158978129114738,0.229901226995995,3.23158587745811,1177,54.6264788732394,460,35.5,1939.24,1
"Kigali","Umujyi wa Kigali","Gasabo","Bumbogo","Nyabikenke","Karama",151,1.01893157147958,1,1,1,0,0.02057374003933,3.27237295917062,1177,128.426490066225,461,15.1,1939.24,1
"Kigali","Umujyi wa Kigali","Gasabo","Bumbogo","Nyabikenke","Karama",151,1.23829736334968,1,5,3,0,0.02057374003933,3.27237295917062,1177,128.426490066225,462,15.1,1939.24,1
"Kigali","Umujyi wa Kigali","Gasabo","Bumbogo","Nyabikenke","Karama",151,1.07603871268673,1,4,1,0,0.02057374003933,3.27237295917062,1177,128.426490066225,463,15.1,1939.24,1
"Kigali","Umujyi wa Kigali","Gasabo","Bumbogo","Nyabikenke","Karama",151,0.655976051346051,1,3,1,0,0.02057374003933,3.27237295917062,1177,128.426490066225,464,15.1,1939.24,1
"Kigali","Umujyi wa Kigali","Gasabo","Bumbogo","Nyabikenke","Karama",151,1.29714211570858,1,5,2,0,0.02057374003933,3.27237295917062,1177,128.426490066225,465,15.1,1939.24,1
"Kigali","Umujyi wa Kigali","Gasabo","Bumbogo","Nyabikenke","Karama",151,0.181504965691492,1,3,1,0,0.02057374003933,3.27237295917062,1177,128.426490066225,466,15.1,1939.24,1
"Kigali","Umujyi wa Kigali","Gasabo","Bumbogo","Nyabikenke","Karama",151,0.671729478116237,1,2,1,0,0.02057374003933,3.27237295917062,1177,128.426490066225,467,15.1,1939.24,1
"Kigali","Umujyi wa Kigali","Gasabo","Bumbogo","Nyabikenke","Karama",151,0.888775940257609,1,5,1,0,0.02057374003933,3.27237295917062,1177,128.426490066225,468,15.1,1939.24,1
"Kigali","Umujyi wa Kigali","Gasabo","Bumbogo","Nyabikenke","Karama",151,1.29596289434672,1,3,1,0,0.02057374003933,3.27237295917062,1177,128.426490066225,469,15.1,1939.24,1
"Kigali","Umujyi wa Kigali","Gasabo","Bumbogo","Nyabikenke","Karama",151,1.55086178706805,1,7,5,0,0.02057374003933,3.27237295917062,1177,128.426490066225,470,15.1,1939.24,1
"Kigali","Umujyi wa Kigali","Kicukiro","Gatenga","Karambo","Mahoro",296,1.44063878324242,1,6,4,0,0.0181705101327828,3.53235814019163,1177,65.5148648648649,471,29.6,1939.24,1
"Kigali","Umujyi wa Kigali","Kicukiro","Gatenga","Karambo","Mahoro",296,1.28936480342378,1,6,1,0,0.0181705101327828,3.53235814019163,1177,65.5148648648649,472,29.6,1939.24,1
"Kigali","Umujyi wa Kigali","Kicukiro","Gatenga","Karambo","Mahoro",296,0.45754393488095,1,5,1,0,0.0181705101327828,3.53235814019163,1177,65.5148648648649,473,29.6,1939.24,1
"Kigali","Umujyi wa Kigali","Kicukiro","Gatenga","Karambo","Mahoro",296,1.26068849232081,1,4,1,0,0.0181705101327828,3.53235814019163,1177,65.5148648648649,474,29.6,1939.24,1
"Kigali","Umujyi wa Kigali","Kicukiro","Gatenga","Karambo","Mahoro",296,0.814374701852075,1,7,6,0,0.0181705101327828,3.53235814019163,1177,65.5148648648649,475,29.6,1939.24,1
"Kigali","Umujyi wa Kigali","Kicukiro","Gatenga","Karambo","Mahoro",296,1.48951871106129,1,6,3,0,0.0181705101327828,3.53235814019163,1177,65.5148648648649,476,29.6,1939.24,1
"Kigali","Umujyi wa Kigali","Kicukiro","Gatenga","Karambo","Mahoro",296,1.37326425546228,1,6,5,0,0.0181705101327828,3.53235814019163,1177,65.5148648648649,477,29.6,1939.24,1
"Kigali","Umujyi wa Kigali","Kicukiro","Gatenga","Karambo","Mahoro",296,1.50499017432524,1,1,1,0,0.0181705101327828,3.53235814019163,1177,65.5148648648649,478,29.6,1939.24,1
"Kigali","Umujyi wa Kigali","Kicukiro","Gatenga","Karambo","Mahoro",296,1.10366670958944,1,6,5,0,0.0181705101327828,3.53235814019163,1177,65.5148648648649,479,29.6,1939.24,1
"Kigali","Umujyi wa Kigali","Kicukiro","Gatenga","Karambo","Mahoro",296,1.07023099795174,1,2,1,0,0.0181705101327828,3.53235814019163,1177,65.5148648648649,480,29.6,1939.24,1
"Kigali","Umujyi wa Kigali","Gasabo","Kinyinya","Kagugu","Kagarama",99,0.576065052672053,1,3,1,0.133480200567481,0.0486080956233717,3.30398780638288,1177,195.882828282828,481,9.9,1939.24,1
"Kigali","Umujyi wa Kigali","Gasabo","Kinyinya","Kagugu","Kagarama",99,0,1,4,3,0.133480200567481,0.0486080956233717,3.30398780638288,1177,195.882828282828,482,9.9,1939.24,1
"Kigali","Umujyi wa Kigali","Gasabo","Kinyinya","Kagugu","Kagarama",99,0.922478326737339,1,8,5,0.133480200567481,0.0486080956233717,3.30398780638288,1177,195.882828282828,483,9.9,1939.24,1
"Kigali","Umujyi wa Kigali","Gasabo","Kinyinya","Kagugu","Kagarama",99,0.374950757832174,1,11,8,0.133480200567481,0.0486080956233717,3.30398780638288,1177,195.882828282828,484,9.9,1939.24,1
"Kigali","Umujyi wa Kigali","Gasabo","Kinyinya","Kagugu","Kagarama",99,1.29219228410252,1,8,7,0.133480200567481,0.0486080956233717,3.30398780638288,1177,195.882828282828,485,9.9,1939.24,1
"Kigali","Umujyi wa Kigali","Gasabo","Kinyinya","Kagugu","Kagarama",99,1.13480597707204,1,4,1,0.133480200567481,0.0486080956233717,3.30398780638288,1177,195.882828282828,486,9.9,1939.24,1
"Kigali","Umujyi wa Kigali","Gasabo","Kinyinya","Kagugu","Kagarama",99,1.10014664277026,1,7,6,0.133480200567481,0.0486080956233717,3.30398780638288,1177,195.882828282828,487,9.9,1939.24,1
"Kigali","Umujyi wa Kigali","Gasabo","Kinyinya","Kagugu","Kagarama",99,0.742005729313136,1,3,1,0.133480200567481,0.0486080956233717,3.30398780638288,1177,195.882828282828,488,9.9,1939.24,1
"Kigali","Umujyi wa Kigali","Gasabo","Kinyinya","Kagugu","Kagarama",99,1.32584493697745,1,5,4,0.133480200567481,0.0486080956233717,3.30398780638288,1177,195.882828282828,489,9.9,1939.24,1
"Kigali","Umujyi wa Kigali","Gasabo","Kinyinya","Kagugu","Kagarama",99,0.711747934485491,1,5,5,0.133480200567481,0.0486080956233717,3.30398780638288,1177,195.882828282828,490,9.9,1939.24,1
"Kigali","Umujyi wa Kigali","Nyarugenge","Nyamirambo","Mumena","Irembo ",225,0.754058431298617,1,8,7,0.0589944794349403,0,3.00827713645607,1177,86.1884444444444,491,22.5,1939.24,1
"Kigali","Umujyi wa Kigali","Nyarugenge","Nyamirambo","Mumena","Irembo ",225,0.381737194998052,1,4,3,0.0589944794349403,0,3.00827713645607,1177,86.1884444444444,492,22.5,1939.24,1
"Kigali","Umujyi wa Kigali","Nyarugenge","Nyamirambo","Mumena","Irembo ",225,1.23110942259938,1,3,1,0.0589944794349403,0,3.00827713645607,1177,86.1884444444444,493,22.5,1939.24,1
"Kigali","Umujyi wa Kigali","Nyarugenge","Nyamirambo","Mumena","Irembo ",225,0.630834904956956,1,6,3,0.0589944794349403,0,3.00827713645607,1177,86.1884444444444,494,22.5,1939.24,1
"Kigali","Umujyi wa Kigali","Nyarugenge","Nyamirambo","Mumena","Irembo ",225,0.76332710061451,1,4,1,0.0589944794349403,0,3.00827713645607,1177,86.1884444444444,495,22.5,1939.24,1
"Kigali","Umujyi wa Kigali","Nyarugenge","Nyamirambo","Mumena","Irembo ",225,1.44976934624556,1,2,1,0.0589944794349403,0,3.00827713645607,1177,86.1884444444444,496,22.5,1939.24,1
"Kigali","Umujyi wa Kigali","Nyarugenge","Nyamirambo","Mumena","Irembo ",225,1.46283304852023,1,3,1,0.0589944794349403,0,3.00827713645607,1177,86.1884444444444,497,22.5,1939.24,1
"Kigali","Umujyi wa Kigali","Nyarugenge","Nyamirambo","Mumena","Irembo ",225,1.661475005158,1,6,5,0.0589944794349403,0,3.00827713645607,1177,86.1884444444444,498,22.5,1939.24,1
"Kigali","Umujyi wa Kigali","Nyarugenge","Nyamirambo","Mumena","Irembo ",225,1.48209089875033,1,6,5,0.0589944794349403,0,3.00827713645607,1177,86.1884444444444,499,22.5,1939.24,1
"Kigali","Umujyi wa Kigali","Nyarugenge","Nyamirambo","Mumena","Irembo ",225,1.21758380842243,1,6,2,0.0589944794349403,0,3.00827713645607,1177,86.1884444444444,500,22.5,1939.24,1
